Rut Kristin Aanestad,aanestad
Matti Aarnio,aarnio
Josh Aas,aas
Guillaume Abadie,abadie
Hiroki Abe,abe
Tim Abraldes,abraldes
Robert Accettura,accettura
Jason Ackley,ackley
Carl Adams,adams
Lucas Adamski,adamski
Tobias Adamson,adamson
Luqman Aden,aden
Sadia Afroze,afroze
Umesh Agarwal,agarwal
Vaibhav Agarwal,agarwal
Raymond Etornam Agbeame,agbeame
Atul Aggarwal,aggarwal
Vikash Agrawal,agrawal
Fernando Agüero,aguero
Pablo Olmos De Aguilera,aguilera
Willy Aguirre,aguirre
Thomas Ahlblom,ahlblom
Masoud Ahmadzadeh,ahmadzadeh
Jamil Ahmed,ahmed
Mashkawat Ahsan,ahsan
Christopher A. Aillon,aillon
Daisuke Akatsuka,akatsuka
Ehsan Akhgari,akhgari
Gautam Akiwate,akiwate
Mustafa Al-Ameen,al-ameen
Ivan Alagenchev,alagenchev
Amanpreet Singh Alam,alam
Yousef Alam,alam
Sean Alamares,alamares
Wissam Alazzam,alazzam
Juan Pablo Alcaraz,alcaraz
Jo Daniel Aleksandersen,aleksandersen
Fauzan Alfi,alfi
Rail Aliev,aliev
Sam Allen,allen
Warwick Allison,allison
Matitiahu Allouche,allouche
Marquinos Álvarez,alvarez
Pedro Alves,alves
Mohamed Amarochan,amarochan
A. Ambrose,ambrose
Nicholas Ambrose,ambrose
Nasimul Amin,amin
Hari Amogh,amogh
Saurabh Anand,anand
Jithin Joji Anchanattu,anchanattu
Andrew Anderson,anderson
David Anderson,anderson
Harvey Anderson,anderson
Mark Anderson,anderson
Ryota Ando,ando
Mike Ang,ang
Hiroshi Annaka,annaka
Peter Annema,annema
Pedro Antunes,antunes
Edwin Aoki,aoki
Vidur Apparao,apparao
Makoto Arai,arai
Artur Araújo,araujo
Carlos Araya,araya
Smokey Ardisson,ardisson
Stefan Arentz,arentz
Koichi Ariyoshi,ariyoshi
Denis Arnaud,arnaud
Kevin Arnold,arnold
Rob Arnold,arnold
Akhil Arora,arora
Justin T. Arthur,arthur
Surit Aryal,aryal
Tomoya Asai,asai
Christian Ascheberg,ascheberg
Tsahi Asher,asher
Panagiotis Astithas,astithas
Chris AtLee,atlee
Marc Attinasi,attinasi
Bryan Atwood,atwood
Siriwat Aumngamsup,aumngamsup
Jūratė Aušraitė,ausraite
Onur Avsar,avsar
Dietrich Ayala,ayala
Nattawat Palakawong Na Ayudhaya,ayudhaya
Faisal Aziz,aziz
Nigel Babu,babu
Tim Babych,babych
Ninoschka Baca,baca
Ariel Backenroth,backenroth
Ryan Bacon,bacon
Rodrigo Bado,bado
Oussama Badr,badr
Ralf Baechle,baechle
Bradley Baetz,baetz
Shiro Bai,bai
Dwayne Bailey,bailey
Vaibhav Bajaj,bajaj
Péter Bajusz,bajusz
Jeffrey W. Baker,baker
Jerry Baker,baker
Kirk Baker,baker
Mitchell Baker,baker
Rhian Baker,baker
Jennifer Balaco,balaco
Jay Ball,ball
Stuart Ballard,ballard
Andrea Balle,balle
Guido Ballesi,ballesi
Jeff Balogh,balogh
Jan Bambach,bambach
Jan Bambas,bambas
John Bandhauer,bandhauer
Rey Bango,bango
Mark Banner,banner
Jens Bannmann,bannmann
Ken Barbalace,barbalace
Jason Barnabe,barnabe
David Baron,baron
Colin Barrett,barrett
Inma Barrios,barrios
Eusebio Barrun,barrun
Piotr Bartecki,bartecki
David Bartlett,bartlett
Curtis Bartley,bartley
Philippe Basciano-Le Gall,basciano-le gall
Derrick Frimpong Basoah,basoah
Jason Bassford,bassford
Ricardo Batista,batista
German Bauer,bauer
Michael Bauer,bauer
Bo Bayles,bayles
Michael Bayne,bayne
Christopher Beard,beard
Patrick Beard,beard
Glen Beasley,beasley
Jeff Beatty,beatty
Nick Beaudrot,beaudrot
Nicholas Bebout,bebout
Juan Becerra,becerra
Adam Becevello,becevello
Casey Becking,becking
Neal Bedard,bedard
Gert-Paul van der Beek,beek
Christine Begle,begle
Brian Behlendorf,behlendorf
Geoffrey Beir,beir
Stephen Beitzel,beitzel
Artem Belevich,belevich
Ruslan Belkin,belkin
Mike Beltzner,beltzner
Wim Benes,benes
Iacopo Benesperi,benesperi
Peter Bengtsson,bengtsson
Simon Bennetts,bennetts
Brandon Benvie,benvie
Kurt-Rune Bergset,bergset
Jussi Bergström,bergstrom
Kevin Berkheiser,berkheiser
Mic Berman,berman
Uri Bernstein,bernstein
Vincent Béron,beron
Juraj Betak,betak
Luis de Bethencourt,bethencourt
Pete Bevin,bevin
Runa Bhattacharjee,bhattacharjee
Gayatri Bhimaraju,bhimaraju
Armando Biagioni Neto,biagioni neto
Arnaud Bienner,bienner
David Bienvenu,bienvenu
Christian Biesinger,biesinger
Paul Biggar,biggar
Jatin Billimoria,billimoria
Al Billings,billings
Rebecca Billings,billings
Eric Bina,bina
Seth Bindernagel,bindernagel
Brian Birtles,birtles
Alex Bishop,bishop
Marlon Bishop,bishop
Abinash Bishoyi,bishoyi
Colin R. Blake,blake
Lukas Blakk,blakk
Jessica Blanco,blanco
Jim Blandy,blandy
Joaquin Blas,blas
Besnik Bleta,bleta
Christopher Blizzard,blizzard
Garrett Blythe,blythe
Chuck Boatwright,boatwright
Brian Bober,bober
Travis Bogard,bogard
Bozhan Boiadzhiev,boiadzhiev
Jamey Boje,boje
Mark Bokil,bokil
Niousha Bolandzadeh,bolandzadeh
David Bolter,bolter
Nelson Bolyard,bolyard
James Bonacci,bonacci
Marco Bonardo,bonardo
Phillip Bond,bond
Brian Bondy,bondy
Carsten Book,book
Paul Booker,booker
Chris Booton,booton
Dan Born,born
Arpad Borsos,borsos
Jeremias Bosch,bosch
David Boswell,boswell
Mauro Botelho,botelho
Robert E. Boughner,boughner
Winston Bowden,bowden
Joey Bowles,bowles
Norris Boyd,boyd
Ondřej Brablc,brablc
Kathleen Brade,brade
Justin Bradford,bradford
Catherine Brady,brady
Don Bragg,bragg
Dave Bragsalla,bragsalla
Robert Brand,brand
Ben Branders,branders
Ryan Brase,brase
Daniel Bratell,bratell
Frederik Braun,braun
Landry Breuil,breuil
Daniel Brickley,brickley
David Brittain,brittain
Eric Broadbent,broadbent
Sarah Broadwell,broadwell
Tomas Brodsky,brodsky
Tim Maks van den Broek,broek
Daniel Brooks,brooks
Kevin Brosnan,brosnan
Geoff Brown,brown
Germaine Brown,brown
Jeremy Browne,browne
David Bruant,bruant
Jan-Ivar Bruaroey,bruaroey
Matt Brubeck,brubeck
Erik Bruchez,bruchez
Josiah Bruner,bruner
Alex Buchanan,buchanan
Ben Bucksch,bucksch
Frédéric Buclin,buclin
Leston Buell,buell
Igor Bukanov,bukanov
Simon Bünzli,bunzli
James Burke,burke
Eric Burley,burley
David Burns,burns
Edward J. Burns,burns
Ariel Burone,burone
Jonathan Buschmann,buschmann
Grace Bush,bush
Angela Butler-McDonald,butler-mcdonald
Marc Byrd,byrd
David Caabeiro,caabeiro
Jacek Caban,caban
Percy Cabello,cabello
Nilson Cain,cain
Aaron Cajes,cajes
Lapo Calamandrei,calamandrei
Jeff Caldwell,caldwell
Nicholas Cameron,cameron
Dave Camp,camp
Rob Campbell,campbell
César Andrés Cantero,cantero
Gion-Andri Cantieni,cantieni
Martin Cantieni,cantieni
Mark Capella,capella
Conrad Carlen,carlen
Bjorn Carlson,carlson
Laurel Carlson,carlson
Brian Carpenter,carpenter
Jan Carpenter,carpenter
Josh Carpenter,carpenter
Edward Carr,carr
Evan Carter,carter
Regis Caspar,caspar
Andrew Cassin,cassin
Ryan Cassin,cassin
Francisco Castanheiro,castanheiro
Marco Castelluccio,castelluccio
Garrett Casto,casto
Daniel Cater,cater
Matt Caywood,caywood
Fabien Cazenave,cazenave
Julián Ceballos,ceballos
Sergio Celani,celani
Chakard Chalayut,chalayut
David Chan,chan
David M. Chan,chan
Gary Chan,chan
Sudhakar Chandrasekharan,chandrasekharan
John Chang,chang
Tony Chang,chang
Wan-Teh Chang,chang
Milind Changire,changire
Pierre Chanial,chanial
Po-chiang Chao,chao
Steve Chapel,chapel
Christopher S. Charabaruk,charabaruk
Serge Charapaev,charapaev
Frédéric Chateaux,chateaux
Andrew Chatham,chatham
Arjuna Rao Chavala,chavala
Philip Chee,chee
Paul Chek,chek
Emily Chen,chen
Ginn Chen,chen
Irvin Chen,chen
Jim Ningjie Chen,chen
Marco Chen,chen
Pin-Guang Chen,chen
Poyu Chen,chen
Ray Chen,chen
Szu-Yu Chen,chen
Alan Cheng,cheng
Tao Cheng,cheng
Alexey Chernyak,chernyak
Théo Chevalier,chevalier
Troy Chevalier,chevalier
Pascal Chevrel,chevrel
Monica Chew,chew
Jose Maria Chia,chia
Deng-Wei Chiang,chiang
Lisa Chiang,chiang
Hankin Chick,chick
Guan-Tin Chien,chien
Mihail Chilyashev,chilyashev
Desigan Chinniah,chinniah
Sriharsha Chintalapani,chintalapani
Ioana Chiorean,chiorean
Sean Chitwood,chitwood
Joe Chou,chou
Pranay Choudhary,choudhary
Sazzad Chowdhury,chowdhury
Søren Lønbæk Nygaard Christensen,christensen
Adam Christian,christian
Alexandros Chronopoulos,chronopoulos
Riadh Chtara,chtara
Howard Chu,chu
Tony Chung,chung
Robert Churchill,churchill
Abdoul S. Cissé,cisse
Ashley Clark,clark
James Clark,clark
Steve Clark,clark
Bob Clary,clary
Matt Claypotch,claypotch
Paula Clemente,clemente
Wil Clouser,clouser
Michael Coates,coates
Tomer Cohen,cohen
Richard Cohn,cohn
Terrence Cole,cole
Lorenzo Colitti,colitti
Pete Collins,collins
Scott Collins,collins
Hernan Rodriguez Colmeiro,colmeiro
Mary Colvig,colvig
Stuart Colville,colville
Ben Combee,combee
Michael Comella,comella
Elizabeth Compton,compton
Don Cone,cone
Mike Conley,conley
Mike Connelly,connelly
Majken Connor,connor
Mike Connor,connor
Alex Converse,converse
Chris Cooper,cooper
Eric Cooper,cooper
Cédric Corazza,corazza
Tim Cormier,cormier
Catherine Corre,corre
Michele Dal Corso,corso
Marcos Costales,costales
Owen Coutts,coutts
Simone Cox,cox
Paul Craciunoiu,craciunoiu
Donnie Cranford,cranford
Joshua Cranmer,cranmer
Tim Craycroft,craycroft
Chris Crews,crews
Neil Cronin,cronin
Douglas Crosher,crosher
Brian Crowder,crowder
Todd Crowe,crowe
Jim Crumley,crumley
Crysgem,crysgem
Mariano Cuenze,cuenze
Nicholas Cull,cull
J. Shane Culpepper,culpepper
Stacey Curtis,curtis
Rainer Cvillink,cvillink
Pavel Cvrček,cvrcek
John Daggett,daggett
Steve Dagley,dagley
David Dahl,dahl
Felix H. Dahlke,dahlke
Denis Daly,daly
Magnus André Damli,damli
Huỳnh Hải Đăng,huynh
Kevin Dangoor,dangoor
Pasquale Dante,dante
Marc-Aurèle Darche,darche
Nagasahas Dasa,dasa
Rohana Dasanayaka,dasanayaka
Dave Dash,dash
Michael Daumling,daumling
Bruce Davidson,davidson
Angus Davis,davis
Anthony Davis,davis
Michael Davis,davis
Paul Davis,davis
Cameron Dawson,dawson
Michael Dayah,dayah
Mike de Boer,de boer
Christopher De Cairos,de cairos
Salvador de la Puente González,de la puente gonzalez
Jan de Mooij,de mooij
Cillian de Roiste,de roiste
Zilmar de Souza,de souza
Neil Deakin,deakin
John Dee,dee
Krishna Kumar Deep,deep
Mo DeJong,dejong
Raivis Dejus,dejus
Yury Delendik,delendik
Javi Delgadillo,delgadillo
Tom Dell,dell
Vince DeMarco,demarco
Julie Deroche,deroche
Kenan Dervišević,dervisevic
Aakash Desai,desai
Prashant Desale,desale
Nick Desaulniers,desaulniers
Aniket Deshpande,deshpande
Fabrice Desré,desre
Stephen DesRoches,desroches
Philippe Dessante,dessante
Harish Dhurvasula,dhurvasula
Abdullah Diaa,diaa
Christoph Diehl,diehl
Matthew Dillon,dillon
Milos Dinic,dinic
Patrick-James Dionisio,dionisio
Vladan Djeric,djeric
Reidar Djupvik,djupvik
Jeff Dlouhy,dlouhy
Steve Dobbelstein,dobbelstein
Ryan Doherty,doherty
Jeremy M. Dolan,dolan
Peter Dolanjski,dolanjski
Justin Dolske,dolske
Kemuel Joseph Domanog,domanog
Simford Dong,dong
Clayton Donley,donley
Stephen Donner,donner
Asa Dotzler,dotzler
Chris Double,double
Justin Dow,dow
Thomas Down,down
Tyler Downer,downer
Rick Downes,downes
George Drapeau,drapeau
Chris Dreckman,dreckman
Joe Drew,drew
Bert Driehuis,driehuis
David Drinan,drinan
Aaron Druck,druck
York Du,du
Alvin Duan,duan
Bruno Duarte,duarte
Micah Dubinko,dubinko
Jean-François Ducarroz,ducarroz
Suresh Duddi,duddi
Jason Duell,duell
Cian Duffy,duffy
Jim Dunn,dunn
Michael Dunn,dunn
Sean Dunn,dunn
Crutcher Dunnavant,dunnavant
Michael duPont,dupont
Karsten Düsterloh,dusterloh
Jeff Dyer,dyer
Wadim Dziedzic,dziedzic
Jason Eager,eager
Ali Ebrahim,ebrahim
Rafael Ebron,ebron
Sean Echevarria,echevarria
Brandon Ehle,ehle
Brendan Eich,eich
Daniel Einspanjer,einspanjer
Mohamed El Sharnoby,el sharnoby
Gauthamraj Elango,elango
Jan Eldenmalm,eldenmalm
Tom Ellins,ellins
Desmond Elliott,elliott
Rick Elliott,elliott
Steve Elmer,elmer
Joseph Elwell,elwell
Hideyuki Emura,emura
Dawn Endico,endico
Hans-Andreas Engel,engel
Kai Engert,engert
Steve England,england
Madhava Enros,enros
Jean-Jacques Enser,enser
Beth Epperson,epperson
David Epstein,epstein
Harish Kumar Epuri,epuri
Michael Yoshitaka Erlewine,erlewine
Eduardo Escárez,escarez
Behdad Esfahbod,esfahbod
Behnam Esfahbod,esfahbod
Cláudio Esperança,esperanca
Ken Estes,estes
Ramiro Estrugo,estrugo
Elika Etemad,etemad
Matthias Ettrich,ettrich
Anthony Evans,evans
Jason Evans,evans
Jim Everingham,everingham
Rick Eyre,eyre
Christian Eyrich,eyrich
Alex Faaborg,faaborg
Sahar Fadayian,fadayian
John Fairhurst,fairhurst
Jittat Fakcharoenphol,fakcharoenphol
Gilbert Fang,fang
Rita Farinha,farinha
Conor Farrell,farrell
Thomas Farrow,farrow
Juan Feal,feal
Jiao Feng,feng
Adrian J. Fernandez,fernandez
Tiago Ferreira,ferreira
Mitchell Field,field
Pedro Figueira,figueira
Aleksandr Filatov,filatov
Tanner Filip,filip
Jane Finette,finette
Mark Finkle,finkle
Ahmad Firoz,firoz
Darin Fisher,fisher
David Fisher,fisher
Matt Fisher,fisher
Jayson Fittipaldi,fittipaldi
Justin Fitzhugh,fitzhugh
Greg Fiumara,fiumara
Werner Fleck,fleck
Alec Flett,flett
Ryan Flint,flint
Jennifer Fong,fong
Marcello Fontolan,fontolan
Bret Ford,ford
John Ford,ford
Laura Forrest,forrest
Robin Foster,foster
Hugues Fournier,fournier
Achraf Fouwad,fouwad
Seth Fowler,fowler
Marc Fraioli,fraioli
Pavel Franc,franc
Ben Francis,francis
Joe Francis,francis
Andreas Franke,franke
Alix Franquet,franquet
Simon Fraser,fraser
Jonathan Freeman,freeman
Alan Freier,freier
Eli Friedman,friedman
Noah Friedman,friedman
Georg Fritzsche,fritzsche
Michael J. Fromberger,fromberger
Chris Fuchs,fuchs
Brad Fuellenbach,fuellenbach
Koji Fujimoto,fujimoto
Tooru Fujisawa,fujisawa
C. Fung,fung
Igor Furlan,furlan
Scott Furman,furman
Ryoichi Furukawa,furukawa
Renren Gabás,gabas
Cory Gackenheimer,gackenheimer
Anton Gagić,gagic
Hubert Gajewski,gajewski
Andreas Gal,gal
Niccolò Gallarati,gallarati
Jeff Galyan,galyan
Eduard Capdevila Gamonal,gamonal
Komal Gandhi,gandhi
Bruce Gao,gao
Sean Gao,gao
Jay Garcia,garcia
David Gardiner,gardiner
Sam Garrett,garrett
Steven Garrity,garrity
Jeff Garzik,garzik
Alessio Gastaldi,gastaldi
Stephen Gates,gates
Prachi Gauriar,gauriar
Serge Gautherie,gautherie
Mike Gauthier,gauthier
Claudius Gayle,gayle
Samir Gehani,gehani
Jim Gellman,gellman
Henrik Gemal,gemal
Damjan Georgievski,georgievski
David Gerard,gerard
Kevin Gerich,gerich
Rick Gessner,gessner
Dumitru Gherman,gherman
Tailer Giacometti,giacometti
John Giannandrea,giannandrea
Bill Gianopoulos,gianopoulos
Bill Gibbons,gibbons
Stelios Gidaris,gidaris
Ian Gilman,gilman
Santiago Gimeno,gimeno
Rob Ginda,ginda
Benoit Girard,girard
Manoj Kumar Giri,giri
Sandro Della Giustina,giustina
Jeremy Glassenberg,glassenberg
Daniel Glazman,glazman
Mike Gleeson,gleeson
Taras Glek,glek
Jennifer Glick,glick
Joshua Go,go
Esther Goes,goes
Sunny Gogoi,gogoi
Dan Gohman,gohman
Eli Goldberg,goldberg
Sol Goldfarb,goldfarb
Felipe Gomes,gomes
Ernesto Gómez,gomez
Fernando García Gómez,gomez
Reuven Gonen,gonen
Giovanny Gongora Granada,gongora granada
Ben Goodger,goodger
Mark Goodwin,goodwin
Fenella Gor,gor
Paul Gorodyansky,gorodyansky
Aravind Gottipati,gottipati
Dão Gottwald,gottwald
Alma Granov,granov
Jonathan Granrose,granrose
Jarrod Gray,gray
Zak Greant,greant
Pamela Greene,greene
Matthew Gregan,gregan
Joseph Gregorio,gregorio
Jonathan Griffin,griffin
Tague Griffith,griffith
Gintautas Grigas,grigas
Matt Grimes,grimes
Brian Grinstead,grinstead
Steven Groginsky,groginsky
Axel Grude,grude
Patrick Gu,gu
Will Guaraldi,guaraldi
Alexey Gubanov,gubanov
Kristján Bjarni Guðmundsson,gudmundsson
Shay Gueron,gueron
Karl Guertin,guertin
Ramanathan Guha,guha
Arnt Guldbrandsen,guldbrandsen
Pamela Gulijczuk,gulijczuk
Georgi Guninski,guninski
Marion Gunn,gunn
Pat Gunn,gunn
Ashishi Gupta,gupta
Sanjay Gupta,gupta
Sankha Narayan Guria,guria
Adam Guthrie,guthrie
Derkjan de Haan,haan
Vidar Braut Haarr,haarr
Dave Haas,haas
Mike Habicher,habicher
Jonathan Hage,hage
Mohammad Reza Haghighat,haghighat
Andrei Hajdukewycz,hajdukewycz
Andrew Halberstadt,halberstadt
David Hallowell,hallowell
Mark B. Hamby,hamby
Mark Hammond,hammond
Kevin Hanes,hanes
Paul Hangas,hangas
Henrik Lynggaard Hansen,hansen
Stefan Hanske,hanske
Jennifer Hao,hao
Trevor Hardcastle,hardcastle
Lawrence Hardiman,hardiman
Romi Hardiyanto,hardiyanto
Stephen Hardt,hardt
Cyrus Harmon,harmon
Matthew Harmsen,harmsen
Steve Harper,harper
Warren Harris,harris
Brad Hart,hart
Hirotoshi Harunaga,harunaga
Mark Harvey,harvey
Hooshmand Hasannia,hasannia
Achim Hasenmueller,hasenmueller
Basil Hashem,hashem
Piniel Hasibuan,hasibuan
Amancio Hasty,hasty
Jens Hatlak,hatlak
Ujjwal Hatuwal,hatuwal
Adam Hauner,hauner
Jasper Hauser,hauser
Adrian Havill,havill
Terry Hayes,hayes
Ian Hayward,hayward
Tianhao He,he
Quentin Headen,headen
Ben Hearsum,hearsum
Axel Hecht,hecht
Frank Hecker,hecker
Leif Hedstrom,hedstrom
Prabhat Hegde,hegde
Michael Hein,hein
Brian Heinrich,heinrich
Jason Heirtzler,heirtzler
Thorsten Heit,heit
Robert Helmer,helmer
Robert Hencke,hencke
Christopher Henderson,henderson
Richard Henderson,henderson
Patrick Hendriks,hendriks
Sebastian Hengst,hengst
Michael Henretty,henretty
Håvar Ingmund Henriksen,henriksen
Andrew Henry,henry
Muris Herak,herak
Bjarne Herland,herland
Dave Herman,herman
Sara Hermann,hermann
Stefan Hermes,hermes
Toni Hermoso Pulido,hermoso pulido
Tara Hernandez,hernandez
Andrés Hernández Monge,hernandez monge
Daniel Rodríguez Herrera,herrera
Richard Hess,hess
Joe Hewitt,hewitt
Kipp Hickman,hickman
James Hicks,hicks
Jon Hicks,hicks
Ian Hickson,hickson
Ralf Hildebrandt,hildebrandt
Chris Hill,hill
John Wayne Hill,hill
Tim Hill,hill
Naoki Hirata,hirata
Ludovic Hirlimann,hirlimann
Jared Hirsch,hirsch
Jonah Ho,ho
Stanley Ho,ho
Graydon Hoare,hoare
Trevor Hobson,hobson
Eric Hodel,hodel
Grey Hodge,hodge
Andrew Hodgkinson,hodgkinson
Chris Hofmann,hofmann
Timothy Hogan,hogan
Panu Petteri Höglund,hoglund
Daniel Holbert,holbert
Christian Holler,holler
Bobby Holley,holley
Laurens Holst,holst
Mike Hommey,hommey
Masashi Honma,honma
Martin Honnen,honnen
Torstein Hønsi,honsi
John Hopkins,hopkins
Vera Horiuchi,horiuchi
Stephen Horlander,horlander
Max Horn,horn
Matjaž Horvat,horvat
Waldemar Horwat,horwat
Shaw Hosaka,hosaka
Khaled Hosny,hosny
Belayet Hossain,hossain
Naoki Hotta,hotta
Chris Houck,houck
Ayman Hourieh,hourieh
Chad House,house
Mohomodou Houssouba,houssouba
Benedict Hsieh,hsieh
Dora Hsu,hsu
Alina Hua,hua
Candice Huang,huang
Dave Huang,huang
Kevin Huang,huang
Bert Hubert,hubert
Markus Hübner,hubner
Barbara Hueppe,hueppe
Kyle Huey,huey
James Huff,huff
Karl Ove Hufthammer,hufthammer
Ethan Hugg,hugg
Anthony Hughes,hughes
Joe Hughes,hughes
Dan Hugo,hugo
Jeferson Hultmann,hultmann
David Humphrey,humphrey
Dave Hunt,hunt
Nicholas Hurley,hurley
Anas Husseini,husseini
Roman Huy-Prech,huy-prech
David Hyatt,hyatt
Marco S. Hyman,hyman
Miguel de Icaza,icaza
Takeshi Ichimaru,ichimaru
Alexander Ihrig,ihrig
Joji Ikeda,ikeda
Hiroyuki Ikezoe,ikezoe
Chris Ilias,ilias
Masahiko Imanaka,imanaka
Jojoo Imbeah,imbeah
Steffen Imhof,imhof
Benito Infantino,infantino
Shuichiro Inomata,inomata
Eri Inoue,inoue
Milda Irhamni,irhamni
Jaagup Irve,irve
Emma Irwin,irwin
Maliha Islam,islam
Joichi Ito,ito
Oskar Ivanić,ivanic
Benoit Jacob,jacob
Dave Jagoda,jagoda
Israt Jahan,jahan
Neeti Jain,jain
Henri Jalonen,jalonen
Nabireeba James,james
San James,james
Jan Jamsek,jamsek
Atul Jangra,jangra
Darshan Jani,jani
Peter Jaros,jaros
Jamus Jegier,jegier
Rob Jerdonek,jerdonek
Randell Jesup,jesup
Daniel Jeter II,jeter ii
Tatjana Jevsikova,jevsikova
Henry Jia,jia
Jack Jia,jia
Jin Jian,jin
Amed Çeko Jiyan,jiyan
David Joham,joham
Glenn Johnson,johnson
Scott Johnson,johnson
Steven Johnson,johnson
Jason Johnston,johnston
Martin Joné,jone
Alan S. Jones,jones
Brian Jones,jones
Byron Jones,jones
Dewi Jones,jones
Jeffrey Jones,jones
Ryan Jones,jones
Jan Jongboom,jongboom
Dainis Jonitis,jonitis
Jonas Jørgensen,jorgensen
Ani Joshi,joshi
Erica Jostedt,jostedt
Laurent Jouanneau,jouanneau
Gorjan Jovanovski,jovanovski
Kamil Jozwiak,jozwiak
Rick Ju,ju
Michael Judge,judge
Balazs Juhasz,juhasz
Ali Juma,juma
Bob Jung,jung
Choi Junho,choi
Gerard Juyn,juyn
Dai. K.,k.
Galaxy Kadiyala,kadiyala
Takuomi Kagaya,kagaya
Cameron Kaiser,kaiser
Christian Kaiser,kaiser
Robert Kaiser,kaiser
Kosuke Kaizuka,kaizuka
Jignesh Kakadiya,kakadiya
Kerim Kalamujić,kalamujic
Adrian Kalla,kalla
Aaron Kaluszka,kaluszka
Sandip Kamat,kamat
Ryuzi Kambe,kambe
Shotaro Kamio,kamio
Gen Kanai,kanai
Max Kanat-Alexander,kanat-alexander
Edward Kandrot,kandrot
Tetsuya Kaneuchi,kaneuchi
Masanori Kaneko,kaneko
Paul Kanz,kanz
Blake Kaplan,kaplan
Mike Kaplinskiy,kaplinskiy
Michael Kaply,kaply
Pranav Kapoor,kapoor
Mitch Kapor,kapor
John Karahalis,karahalis
Ante Karamatić,karamatic
David Karlton,karlton
Phil Karlton,karlton
Biraj Karmakar,karmakar
Chris Karnaze,karnaze
Kevin Karpenske,karpenske
Viking Karwur,karwur
Nagato Kasaki,kasaki
Suresh Kasinathan,kasinathan
Marko Kastelic,kastelic
Peter Kasting,kasting
Masaki Katakai,katakai
Kazuyoshi Kato,kato
Makoto Kato,kato
Tomomi Kato,kato
Slavomir Katuscak,katuscak
Varun Kaushik,kaushik
Ryo Kawaguchi,kawaguchi
Alfred Kayser,kayser
Koike Kazuhiko,kazuhiko
Joe Keane,keane
Chris Keating,keating
Michael R. Kedl,kedl
Dana Keeler,keeler
Juergen Keil,keil
Miodrag Kekic,kekic
R.J. Keller,keller
Michael Kelly,kelly
Kálmán Kéménczy,kemenczy
Lina Kemmel,kemmel
Todd Kennedy,kennedy
Ton Kensen,kensen
Benjamin Kerensa,kerensa
Ben Kero,kero
Jason Kersey,kersey
Ekanan Ketunuti,ketunuti
Jonathan Kew,kew
Philipp Kewisch,kewisch
Alex Keybl,keybl
Misak Khachatryan,khachatryan
Vahe Khachikyan,khachikyan
Rami Khader,khader
Sara Khalatbari,khalatbari
Mahay Alam Khan,khan
Sara Khan,khan
Kshitiz Khanal,khanal
Alireza Kheirkhahan,kheirkhahan
Bùi Việt Khoa,bui
Oleg Khokhlov,khokhlov
Jaeyoon Kim,kim
JoungKyun Kim,kim
Paul Kim,kim
Masatoshi Kimura,kimura
Austin King,king
Brian King,king
Jerry L. Kirk,kirk
Harald Kirschner,kirschner
James Kitchener,kitchener
Ria Klaassen,klaassen
Oliver Klee,klee
Erik Klepsvik,klepsvik
Julija Klimkienė,klimkiene
Christopher Kline,kline
Aaron Klotz,klotz
Marcia Knous,knous
Kit Knox,knox
Nelson Ko,ko
Jeffrey S. Kobal,kobal
Teruko Kobayashi,kobayashi
Gregory Koberger,koberger
Paul Kocher,kocher
Yannick Koehler,koehler
Curtis Koenig,koenig
Kurt Kohler,kohler
Michael Kohler,kohler
Michael Köhler,kohler
Dmitry Kohmanyuk,kohmanyuk
Greg Kolanek,kolanek
Justin A. Kolodziej,kolodziej
Chris Kolosiwsky,kolosiwsky
Piotr Komoda,komoda
Stephen Koren,koren
Tetsuya Kosaka,kosaka
Greg Kostello,kostello
Sweta Kothari,kothari
Chiaki Koufugata,koufugata
Gary Kovacs,kovacs
Anton Kovalyov,kovalyov
Mike Kowalski,kowalski
Hidehiro Kozawa,kozawa
Delalorm Kpeli-Semabia,kpeli-semabia
Daniel Kraft,kraft
Vlad Krasnov,krasnov
Ori Kravitz,kravitz
Nick Kreeger,kreeger
Ramesh Krishnamagaru,krishnamagaru
Pēteris Krišjānis,krisjanis
Jesper Kristensen,kristensen
John Kristian,kristian
Christopher Kritzer,kritzer
Eric Krock,krock
Jan Kroken,kroken
Scott Kronick,kronick
Krishnababu Krothapalli,krothapalli
Gijs Kruitbosch,kruitbosch
Jan Küchler,kuchler
Rimas Kudelis,kudelis
Ognyan Kulev,kulev
Radha Kulkarni,kulkarni
Naresh Kumar,kumar
R Veera Kumar,kumar
Rethi Kumar,kumar
Ravi Kumbhkar,kumbhkar
Michael Kurze,kurze
Igor Kushnirskiy,kushnirskiy
Gerardo Kvaternik,kvaternik
Gary Kwong,kwong
Aki Laaksovirta,laaksovirta
Marek Laane,laane
Kamil Lach,lach
Dirk Laessig,laessig
Wei-Chen Lai,lai
Peter Lairo,lairo
Steve Lamm,lamm
Mounir Lamouri,lamouri
Simone Lando,lando
Tom Lane,lane
Mark Lanett,lanett
David Lanham,lanham
Joell Lapitan,lapitan
Sharon Laquinta,laquinta
Todd Larason,larason
Alexander Larsson,larsson
Brad Lassey,lassey
Chris Lattner,lattner
Ben Laurie,laurie
Ryan Laverdiere,laverdiere
Bill Law,law
Roger Lawrence,lawrence
Chris Lawson,lawson
Martin Lawyer,lawyer
Justin Lazaro,lazaro
Thaks Van Le,le
Jeremy Lea,lea
Christopher D. Leary,leary
Justin Lebar,lebar
Delphine Lebédel,lebedel
Antoine Leca,leca
David Lechner,lechner
Edward Lee,lee
Elliot Lee,lee
Francis Lee,lee
Hoa Lee,lee
Kevin Lee,lee
Michael Lee,lee
Neil Lee,lee
Raymond Lee,lee
Taek Lee,lee
Michiel van Leeuwen,leeuwen
Jan Leger,leger
Marie Léger-St-Jean,leger-st-jean
Christian Legnitto,legnitto
Michelle Lei,lei
Margaret Leibovic,leibovic
Jannis Leidel,leidel
Thomas Lendacky,lendacky
Attila Lendvai,lendvai
Jonathan Lennox,lennox
Jake Lentz,lentz
Mike Lenz,lenz
Sander Lepik,lepik
Tomi Leppikangas,leppikangas
Garrett LeSage,lesage
Benoît Leseul,leseul
Jonathan Leto,leto
Ian Leue,leue
Aaron Leventhal,leventhal
Michael Leventhal,leventhal
Clayton Lewis,lewis
Jessie Li,li
Richard Li,li
Shanjian Li,li
Xiang Li,li
Shuehan Liang,liang
Dan Libby,libby
Sarah E.V. Liberman,liberman
Nicolás Lichtmaier,lichtmaier
Kurt J. Lidl,lidl
Pontus Lidman,lidman
Anne-Julie Ligneau,ligneau
Morten Liljegren,liljegren
Pablo Lillia,lillia
John Lilly,lilly
Alexander Limi,limi
Hung-Te Lin,lin
Mark Lin,lin
Frank van der Linden,linden
Norbert Lindenberg,lindenberg
David Lindes,lindes
Srinivas Lingutla,lingutla
Peter Linss,linss
Betty Lipkin,lipkin
Gábor Lipták,liptak
Zach Lipton,lipton
Luigi Lira,lira
Calvin Liu,liu
Chenxia Liu,liu
Kai Liu,liu
Mindy Liu,liu
Vladimir Livshits,livshits
Richard K. Lloyd,lloyd
Adam Lock,lock
Reed Loden,loden
Francesco Lodolo,lodolo
Kavitha Logan,logan
Syd Logan,logan
Lars Lohn,lohn
Srishanu Lokupathirage,lokupathirage
Robert Longson,longson
Chris Lonnen,lonnen
Guillermo López,lopez
Bob Lord,lord
Chris Lord,lord
Michael Lowe,lowe
Boying Lu,lu
Charity Lu,lu
Harry Lu,lu
Robin Lu,lu
Xiaobin Lu,lu
Peter Lubczynski,lubczynski
Torben Lüders,luders
Kristian Paul Lugtu,lugtu
Michelle Luna,luna
Bill Lynch,lynch
Gregory Lynn,lynn
Chris Lyon,lyon
Iarla Mac Aodha Bhuí,mac aodha bhui
Diarmaid Mac Mathúna,mac mathuna
Dáithi Mac Sithigh,mac sithigh
Al MacDonald,macdonald
Scott MacGregor,macgregor
Phil Machalski,machalski
Matthew Riley MacPherson,macpherson
Paul MacQuiddy,macquiddy
Ziggy Maes,maes
Giacomo Magnini,magnini
Markus Amalthea Magnuson,magnuson
Joel Maher,maher
Priscilla Mahlangu,mahlangu
Nils Maier,maier
Ere Maijala,maijala
Wade Majors,majors
Muhammad Ali Makki,makki
Raul-Nicolae Malea,malea
Waqar Malik,malik
Daniel Malmer,malmer
Staś Małolepszy,malolepszy
Klaus Malorny,malorny
Daniel Maluszczak,maluszczak
Mohamed Manai,manai
Lawrence Mandel,mandel
David Mandelin,mandelin
Shyam Mani,mani
Midhun Manoj,manoj
Charles Manske,manske
Steve Mansour,mansour
Elisabetta Manuele,manuele
Giorgio Maone,maone
Andrea Marchesini,marchesini
Jean-Bernard Marcon,marcon
Tanner Marino,marino
Gervase Markham,markham
Tobias Markus,markus
Lasse Marøen,maroen
Brent Marshall,marshall
Neil Marshall,marshall
Owen Marshall,marshall
Sean Martell,martell
Richard Marti,marti
Julie Martin,martin
Stacy Martin,martin
Stephen Martin,martin
Rubén Martín,martin
Pedro Martins,martins
Joonas Marttila,marttila
Kazushi Marukawa,marukawa
Tsukasa Maruyama,maruyama
Hendrik Maryns,maryns
Jordi Mas,mas
Allan Masri,masri
Giuliano Masseroni,masseroni
Matthew Mastracci,mastracci
Daniel Matejka,matejka
Pheledi Mathibela,mathibela
Jim Mathies,mathies
David Matiskella,matiskella
Teiji Matsuba,matsuba
Taro Matsuzawa,matsuzawa
Josh Matthews,matthews
Jake Maul,maul
Chris McAfee,mcafee
Leo McArdle,mcardle
Sean McArthur,mcarthur
Blair McBride,mcbride
Mike McCabe,mccabe
Kevin McCarthy,mccarthy
Don McCasland,mccasland
Tim McClarren,mcclarren
Erica McClure,mcclure
Kevin McCluskey,mccluskey
Mike McCool,mccool
Cameron McCormack,mccormack
Patrick McCormick,mccormick
David McCusker,mccusker
Graeme McCutcheon,mccutcheon
Braden McDaniel,mcdaniel
Ian McGreer,mcgreer
Enda McGuinness,mcguinness
Dan McGuirk,mcguirk
Andy McKay,mckay
Paul McLanahan,mclanahan
Patrick McManus,mcmanus
Kumar McMillan,mcmillan
John McMullen,mcmullen
Tim McNerney,mcnerney
Bob Meader,meader
Tim Meader,meader
Geo Mealer,mealer
Matthew Mecca,mecca
Vinícius Medina,medina
David Meeker,meeker
Heather Meeker,meeker
Rich Megginson,megginson
Robin Mehdee,mehdee
Walter Meinl,meinl
Myk Melez,melez
Hovik Melikyan,melikyan
Magnus Melin,melin
Ralph Mellor,mellor
Don Melton,melton
Ian Melven,melven
Jim Melvin,melvin
Federico Mena-Quintero,mena-quintero
Jordan Mendelson,mendelson
Jishnu Menon,menon
Mark Mentovai,mentovai
Wayne Mery,mery
Laura Mesa,mesa
Ben Mesander,mesander
Eric A. Meyer,meyer
Ricardo Meza,meza
Felix Miata,miata
Steven Michaud,michaud
Matthew Middleton,middleton
Ted Mielczarek,mielczarek
Bernd Mielke,mielke
Dave Miller,miller
Nathan Miller,miller
Tristan Miller,miller
Dan Mills,mills
Malini Minasandram,minasandram
Mauricio Navarro Miranda,miranda
Rimas Misevičius,misevicius
Anup Kumar Mishra,mishra
Rakesh Mishra,mishra
Kornel Misiejuk,misiejuk
Bill Mitchell,mitchell
Dustin Mitchell,mitchell
Eric B. Mitchell,mitchell
Frank Mitchell,mitchell
Bruce Mitchener,mitchener
Jon Mittelhauser,mittelhauser
Peter Mock,mock
Reza Mohammadi,mohammadi
Odin Mojica,mojica
Soren Juul Moller,moller
Tamás Molnár,molnar
Katsuhiko Momoi,momoi
Alan Monfort,monfort
Michael Monreal,monreal
Gabriela Montagu,montagu
Simon Montagu,montagu
Connor Montgomery,montgomery
Lou Montulli,montulli
Derek Moore,moore
Pete Moore,moore
Reuben Morais,morais
Jay Moran,moran
Fernando Jiménez Moreno,moreno
Mike Morgan,morgan
Stuart Morgan,morgan
Håvard Mork,mork
Ed Morley,morley
April Morone,morone
Dan Morrill,morrill
John Morrison,morrison
Steve Morrison,morrison
Jennifer Morrow,morrow
Steve Morse,morse
Tiffney Mortensen,mortensen
Dan Mosedale,mosedale
Adam Moss,moss
Bob Moss,moss
Sedric Motha,motha
Egota Motohiro,motohiro
Srilatha Moturi,moturi
Guillermo Movia,movia
Michael Moy,moy
Rongjun Mu,mu
Thomas Mueller,mueller
Baurzhan Muftakhidinov,muftakhidinov
Jafar Muhammed,muhammed
Jeff Muizelaar,muizelaar
Mehdi Mulani,mulani
Avash Mulmi,mulmi
Alex Munroe,munroe
Sreenidhi Muralidharan,muralidharan
Constantine A. Murenin,murenin
Sean Murphy,murphy
Stephen John Murphy,murphy
Kevin Murray,murray
Samuel Murray,murray
Spencer Murray,murray
Brian J. Murrell,murrell
Balanithy Murugaiah,murugaiah
Alex Musil,musil
Akira Mutsuro,mutsuro
Allison Naaktgeboren,naaktgeboren
Srinath Nadimpalli,nadimpalli
Priyanka Nag,nag
Abhishek Nagar,nagar
Geetha Nagarajan,nagarajan
Gergő Nagy,nagy
Saurabh Nair,nair
Noriyuki Nakajima,nakajima
Glen Nakamura,nakamura
Masayuki Nakano,nakano
Novica Nakov,nakov
Ashish Namdev,namdev
James Lewis Nance,nance
Murali Nandigama,nandigama
Chris Nandor,nandor
Chak Nanga,nanga
Shashi Narain,narain
Rishabh Narayan,narayan
Anant Narayanan,narayanan
Shigeki Narisawa,narisawa
Danishka Navin,navin
Antti Näyhä,nayha
Marria Nazif,nazif
Ian Neal,neal
Christopher Nebergall,nebergall
David Nebinger,nebinger
Michel Nédélec,nedelec
Kev Needham,needham
Kaori Negoro,negoro
Chris Nelson,nelson
Dru Nelson,nelson
Bryce Nesbitt,nesbitt
Nicholas Nethercote,nethercote
Brad Neuberg,neuberg
Dave Neuer,neuer
João Miguel Neves,neves
Ben Newman,newman
Richard Newman,newman
John Neystadt,neystadt
Giao Nguyen,nguyen
Hoa Nguyen,nguyen
Nick Nguyen,nguyen
Thu Nguyen,nguyen
Vuong Doan Nguyen,nguyen
Nguyễn Mạnh Hùng,nguyen
Trần Nguyễn Sơn,tran
Nguyễn Xuân Minh,nguyen
Samia Niamatullah,niamatullah
Vivien Nicolas,nicolas
Andrew Niese,niese
Johnathan Nightingale,nightingale
Timothy Nikkel,nikkel
Andreas Nilsson,nilsson
Martin Nilsson,nilsson
Mohamed Nimshath,nimshath
Takeshi Nishimura,nishimura
Tristan Nitot,nitot
Takashi Nobsawa,nobsawa
Alice Nodelman,nodelman
Michael Noe,noe
Greg Noel,noel
Aleksey Nogin,nogin
Matthew Noorenberghe,noorenberghe
Leonard Norrgård,norrgard
Eoin Norris,norris
Mike Norton,norton
Chelsea Novak,novak
Matej Novak,novak
Michal Novotny,novotny
Tomasz Nowakowski,nowakowski
Daniel Nunes,nunes
Pam Nunn,nunn
Séamus Ó Ciardhuáin,o ciardhuain
Caoimhín Ó Donnaile,o donnaile
Robert O'Callahan,o'callahan
John O'Duinn,o'duinn
Michael O'Reilly,o'reilly
Paul O'Shannessy,o'shannessy
Dirkjan Ochtman,ochtman
Jan Odvárko,odvarko
Ian Oeschger,oeschger
Hrant Ohanyan,ohanyan
Toshiyuki Oka,oka
Robert Okadar,okadar
Tomoyuki Okazaki,okazaki
Eric Olson,olson
Zaw Oo,oo
Wei Tsang Ooi,ooi
Les Orchard,orchard
Jeremy Orem,orem
Jason Orendorff,orendorff
Serge Orlov,orlov
Tina Ornduff,ornduff
Rick Osborne,osborne
Hideo Oshima,oshima
Artur Osiński,osinski
Brian Ostrom,ostrom
Andreas Otte,otte
Maruf Ovee,ovee
Sureshkumar Packiyarajah,packiyarajah
Shawn Packwood,packwood
Rodrigo Padula,padula
Harrison Page,page
Isriya Paireepairit,paireepairit
Alex Pakhotin,pakhotin
Wladimir Palant,palant
João Palharini,palharini
Raju Pallath,pallath
Marcus Pallinger,pallinger
Mats Palmgren,palmgren
Ricardo Palomares,palomares
Bill Panagouleas,panagouleas
Par Pandit,pandit
Patcharaporn Pansuwan,pansuwan
Pierros Papadeas,papadeas
Kostas Papadimas,papadimas
Simon Paquet,paquet
Tom Paquin,paquin
Alexandre Paradis,paradis
Steve Parkinson,parkinson
Stuart Parmenter,parmenter
Dan Parsons,parsons
Varada Parthasarathi,parthasarathi
Sylvain Pasche,pasche
Davide Pasetto,pasetto
Balazs Pataki,pataki
Ankit Patel,patel
Cyrus Patel,patel
Dhiren Patel,patel
Jay Patel,patel
Kailas Patil,patil
Curt Patrick,patrick
Chris Pearce,pearce
Akkana Peck,peck
Javier H. Pedemonte,pedemonte
Sigita Pedzevičienė,pedzeviciene
Julian Pellico,pellico
Alfred Peng,peng
Reinhold Penner,penner
Jesús Pérez,perez
Joaquim Perez Noguer,perez noguer
Sebastian Perez Vasseur,perez vasseur
Nicolas Perriault,perriault
Jean-Yves Perrier,perrier
Christian Persch,persch
Kalle Persson,persson
Ulisse Perusin,perusin
Ani Peter,peter
Christopher Petersen,petersen
Benjamin Peterson,peterson
Chris Peterson,peterson
Phil Peterson,peterson
Frank Petitta,petitta
Olli Pettay,pettay
Jan-Espen Pettersen,pettersen
Anurag Phadke,phadke
Loan Pham,pham
Pierre Phaneuf,phaneuf
Polawat Phetra,phetra
Thom Phillabaum,phillabaum
Paul Phillips,phillips
Poakpong Phongsasanongkul,phongsasanongkul
Amitakhya Phukan,phukan
Francisco Picolini,picolini
John Pierce,pierce
Julien Pierre,pierre
Nicolas B. Pierron,pierron
Sonny Piers,piers
Martijn Pieters,pieters
Paul Pietromonaco,pietromonaco
Ravi Pina,pina
Vineel Reddy Pindi,pindi
Pedro Pinheiro,pinheiro
Mike Pinkerton,pinkerton
Anthony Piraino,piraino
Tom Pixley,pixley
Rich Pizzarro,pizzarro
Stefan Plewako,plewako
Michael Plitkins,plitkins
Frederic Plourde,plourde
Erik van der Poel,poel
Ville Pohjanheimo,pohjanheimo
Stephen Pohl,pohl
Philip Pokorny,pokorny
Marcelo Poli,poli
Eric Pollmann,pollmann
Alex Polvi,polvi
Nickolay Ponomarev,ponomarev
Victor Porof,porof
Dan Portillo,portillo
Abhishek Potnis,potnis
Rick Potts,potts
Roozbeh Pournader,pournader
Jai Pradeesh,pradeesh
Harshal Pradhan,pradhan
Arun Prakash,prakash
Larry Prall,prall
Shankar Prasad,prasad
Imrizal Pratama,pratama
Tony Pratschke,pratschke
Christopher Pratt,pratt
Andreas Premstaller,premstaller
Karen Prescott,prescott
Terri Preston,preston
Roberto Principiano,principiano
Shannon Prior,prior
Matej Priteržnik,priterznik
Jonathan Protzenko,protzenko
Jane Prusakova,prusakova
Rhoslyn Prys,prys
Karol Ptasinski,ptasinski
Paul Pullormadam,pullormadam
Scott Putterman,putterman
Andrew Quartey,quartey
Florian Quèze,queze
William Quiviger,quiviger
Jim Race,race
Bhuvan Racham,racham
Sriram Raghuraman,raghuraman
Md. Anisur Rahman,rahman
Zenat Rahnuma,rahnuma
Amarjeet Singh Rai,rai
Krupa Raj,raj
David Rajchenbach-Teller,rajchenbach-teller
Rerng-rit Rakkanittakorn,rakkanittakorn
Sriram Ramasubramanian,ramasubramanian
Cherlowe Reinard Ramirez,ramirez
Asiri Ranasinghe,ranasinghe
Glenn Randers-Pehrson,randers-pehrson
Arun Ranganathan,ranganathan
Nisheeth Ranjan,ranjan
Rajesh Ranjan,ranjan
HJ van Rantwijk,rantwijk
Regnard Raquedan,raquedan
Keith Rarick,rarick
Samphan Raruenrom,raruenrom
Martijn Ras,ras
Neil Rashbrook,rashbrook
Aza Raskin,raskin
Mike Ratcliffe,ratcliffe
Terry Rather,rather
Dron Rathore,rathore
Sheela Ravindran,ravindran
Bret Reckard,reckard
Sujith Reddy,reddy
J. Paul Reed,reed
Mark Reid,reid
Aleks Reinhardt,reinhardt
Rüdiger Reinhardt,reinhardt
Rick Reitmaier,reitmaier
Oleg Rekutin,rekutin
Bob Relyea,relyea
Hervé Renault,renault
Lisa Repka,repka
John Resig,resig
Ramón Retamar,retamar
Markus Rex,rex
Carlos Reyes,reyes
Robert Reyes,reyes
William Reynolds,reynolds
Anthony Ricaud,ricaud
Tim Rice,rice
Deb Richardson,richardson
Sean Richardson,richardson
Mohamed Rila,rila
Tim Riley,riley
Victor Riley,riley
Mário Rinaldi,rinaldi
Phil Ringnalda,ringnalda
Tom Rini,rini
Kumar Rishav,rishav
Julien Rivaud,rivaud
Yancy Rivera,rivera
Adam Roach,roach
A. Daniel Roberts,roberts
Brad Roberts,roberts
Tony Robinson,robinson
Michele Rodaro,rodaro
Carlos Rodrigues,rodrigues
Fred Roeber,roeber
Greg Roelofs,roelofs
Brian Rogers,rogers
Mikeal Rogers,rogers
Maria Carina Roldan,roldan
David Rolnitzky,rolnitzky
Asaf Romano,romano
Andrei Romanov,romanov
Oleg Romashin,romashin
Erdal Ronahi,ronahi
Ricky Rosario,rosario
Erik Rose,rose
Dan Rosen,rosen
Wolfgang Rosenauer,rosenauer
Doron Rosenberg,rosenberg
Jim Roskind,roskind
Blake Ross,ross
James Ross,ross
Catalin Rotaru,rotaru
Paul Rouget,rouget
Tom Ottar Røw,row
Tim Rowley,rowley
Branislav Rozbora,rozbora
Steve Rubinstein,rubinstein
Jesse Ruderman,ruderman
Steve Rudman,rudman
Torsten Rüger,ruger
Julen Ruiz Aizpuru,ruiz aizpuru
Philipp Rumpf,rumpf
Terje Runde,runde
Jae-Seong Russell-Lee,russell-lee
Brian Ryner,ryner
Chris Saari,saari
Hubert Sablonniere,sablonniere
Alexander Sack,sack
Jayakumar Sadhasivam,sadhasivam
Hideo Saito,saito
Masaaki Saitoh,saitoh
Atsushi Sakai,sakai
Gagan Saksena,saksena
Eiko Sakuma,sakuma
Mohammad Saleh,saleh
Ummey Salma,salma
Joseph Samake,samake
Marina Samuel,samuel
Wilfredo Sánchez Vega,sanchez vega
Pradeep Sanders,sanders
Irina Sandu,sandu
Patinya Sangiamchit,sangiamchit
Jukka Santala,santala
Jordan Santell,santell
Diogo Santos,santos
Montserrat Sanz,sanz
Simon Sapin,sapin
Andrei Saprykin,saprykin
Farzaneh Sarafraz,sarafraz
Elnaz Sarbar,sarbar
Huda Sarfraz,sarfraz
Robert Sargsyan,sargsyan
Sayak Sarkar,sarkar
Ibrahima Sarr,sarr
Dauren Sarsenov,sarsenov
Kengatharaiyer Sarveswaran,sarveswaran
Aki Sasaki,sasaki
Pierre Saslawsky,saslawsky
Masatoshi Sato,sato
Ken Saunders,saunders
Stephane Saux,saux
Aleksandar Savić,savic
Robert Sayre,sayre
Greg Scallan,scallan
Kevin Scannell,scannell
Jérôme Schell,schell
Dylan K. Schiemann,schiemann
Till Schneidereit,schneidereit
Florian Scholz,scholz
Margaret Schroeder,schroeder
Mike Schroepfer,schroepfer
Kurt Schultz,schultz
Peter Schultz,schultz
Tom Schuster,schuster
Phil Schwan,schwan
Keith Schwarz,schwarz
Thomas Schwecherl,schwecherl
Morgan Schweers,schweers
Justin Scott,scott
Will Scullin,scullin
Chris Seawood,seawood
Hiroshi Sekiya,sekiya
Adnan Selimovic,selimovic
Isan Selimovic,selimovic
Lejla Selimović,selimovic
Merike Sell,sell
Raffaele Sena,sena
Bernd Senf,senf
Swarnava Sengupta,sengupta
Emilio Sepúlveda,sepulveda
RJ Ian Sevilla,sevilla
Julian Seward,seward
Natsagdorj Shagdar,shagdar
Ayan Shah,shah
Jithin Shah,shah
Saurabh Shah,shah
Dimi Shahbaz,shahbaz
Tara Shahian,shahian
Rezwan Shahid,shahid
Berkley Shands,shands
Melissa Shapiro,shapiro
Bindu Sharma,sharma
Girish Sharma,sharma
Gavin Sharp,sharp
Mike Shaver,shaver
Hubert Shaw,shaw
Dylan Shea,shea
Sandeep Shedmake,shedmake
Eric Shepherd,shepherd
Doug Sheppard,sheppard
Gordon Sheridan,sheridan
Ilya Sherman,sherman
Roby Sherman,sherman
Gia Shervashidze,shervashidze
Jayesh Sheth,sheth
Corey Shields,shields
Hiroshi Shimoda,shimoda
Atsushi Shimono,shimono
Jungshik Shin,shin
Bogomil Shopov,shopov
Sipho Sibiya,sibiya
Jonas Sicking,sicking
Damon Sicore,sicore
Roger B. Sidje,sidje
Samuel Sidler,sidler
Chris Siegler,siegler
Hindrik Sijens,sijens
Cristian Silaghi,silaghi
Fernando Pereira Silveira,silveira
Rodrigo Moreira Silveira,silveira
Bob Silverberg,silverberg
Robert Sim,sim
Carlos Simão,simao
Andrew Simmonds,simmonds
Sudheesh Singanamalla,singanamalla
Phisit Siprasatthong,siprasatthong
Franz Sirl,sirl
Henri Sivonen,sivonen
Åsmund Skjæveland,skjaeveland
Rich Skrenta,skrenta
Søren Munk Skrøder,skroder
Henrik Skupin,skupin
John Slater,slater
Alexander Slovesnik,slovesnik
Benjamin Smedberg,smedberg
Andrew Smith,smith
Brandon Smith,smith
Edwin Smith,smith
Joshua Smith,smith
Kyle Smith,smith
Mark C. Smith,smith
Vito Smolej,smolej
Ivar Smolin,smolin
Miloslaw Smyk,smyk
Danijel Šnajder,snajder
Reed Snellenberger,snellenberger
Window Snyder,snyder
Hoi-Sheung Wilson So,so
Steve Sobel,sobel
Henry Sobotka,sobotka
James Socol,socol
Sajeev Soni,soni
Josh Soref,soref
Jes Sorensen,sorensen
Nochum Sossonko,sossonko
Arnaud Sourioux,sourioux
Marco Sousa,sousa
Nelson Sousa,sousa
Rod Spears,spears
Ian Spence,spence
Seth Spitzer,spitzer
Jim Spring,spring
Martin Srebotnjak,srebotnjak
Sudharshan Srinivasan,srinivasan
Pittaya Sroilong,sroilong
Kenneth Stailey,stailey
Andrew Staley,staley
Sid Stamm,stamm
Markus Stange,stange
Sean Stangl,stangl
Mihovil Stanić,stanic
Michal Stanke,stanke
Mark Stankus,stankus
Dale V. Stansberry,stansberry
Rainer Staringer,staringer
Christos Stathis,stathis
Katarzyna Stawarz,stawarz
Douglas Stebila,stebila
Jacob Steenhagen,steenhagen
Jakub Steiner,steiner
Brian Stell,stell
Johnny Stenback,stenback
Marek Stępień,stepien
Brandon Sterne,sterne
Xavier Stevens,stevens
J. Ryan Stinnett,stinnett
Clauber Stipkovic,stipkovic
Mitchell Stoltz,stoltz
Benjamin Stover,stover
Rob Stradling,stradling
Urs Streidl,streidl
Pascual Strømsnæs,stromsnaes
Robert Strong,strong
Vebjørn Sture,sture
Sean Su,su
Kartik Subbarao,subbarao
Mihai Sucan,sucan
Vishnu Sudhakaran,sudhakaran
Hani Suleiman,suleiman
Jay Sullivan,sullivan
Adam Sulmicki,sulmicki
Lazar Sumar,sumar
Selim Şumlu,sumlu
John Sun,sun
Vicky Sun,sun
Wei-Lun Sun,sun
Keiki Sunagawa,sunagawa
Fredrik Sundberg,sundberg
Kenneth Sungcaya,sungcaya
Kinshuk Sunil,sunil
Arthit Suriyawongkul,suriyawongkul
Alexander Surkov,surkov
Mark Surman,surman
Patipat Susumpow,susumpow
Meghraj Suthar,suthar
Andrew Sutherland,sutherland
Kristian Svanes,svanes
Bjørn I. Svindseth,svindseth
Kurt Swanson,swanson
Aaron Swartz,swartz
Janet Swisher,swisher
Muhammad Syafiq Mazli,syafiq mazli
Alexandru Szasz,szasz
Lloyd Tabb,tabb
Hidetoshi Tajima,tajima
Mark Takacs,takacs
Yuka Takagi,takagi
Clint Talbert,talbert
Margaret Tallman,tallman
Jerry Tan,tan
Yung-Fong Tang,tang
Tim Taubert,taubert
Yaron Tausky,tausky
Andrew Taylor,taylor
Mike Taylor,taylor
Owen Taylor,taylor
Tim Taylor,taylor
Arshad Tayyeb,tayyeb
Takayuki Tei,tei
Saša Teković,tekovic
Raman Tenneti,tenneti
David Tenser,tenser
Wichai Termwuttipreecha,termwuttipreecha
Dean Tessman,tessman
Ohzeki Tetsuharu,tetsuharu
Gent Thaçi,thaci
Jiten Thakkar,thakkar
Namachivayam Thirumazhusai,thirumazhusai
Bharath Thiruveedula,thiruveedula
Chris Thomas,thomas
Matthew Thomas,thomas
Nick Thomas,thomas
Andrew Thompson,thompson
Patrick Thompson,thompson
Laura Thomson,thomson
Rob Thorne,thorne
Nick Thweatt,thweatt
Siyuan Tian,tian
András Tímár,timar
Timur Timirkhanov,timirkhanov
Ahmet Serkan Tıratacı,tirataci
Dominik Tobschall,tobschall
Heikki Toivonen,toivonen
Lee Tom,tom
Karl Tomlinson,tomlinson
Asko Tontti,tontti
Youhei Tooyama,tooyama
Abdulkadir Topal,topal
Craig Topper,topper
Chris Torek,torek
Henri Torgemane,torgemane
Nathan Torkington,torkington
Chris Toshok,toshok
Aleks Totic,totic
Joan Touzet,touzet
Dave Townsend,townsend
Michael Toy,toy
Aaron Train,train
Archimedes Trajano,trajano
Phong Tran,tran
Eduardo Trápani,trapani
Huynh Trinh,trinh
Peter Trudelle,trudelle
Andrew Truong,truong
Jeff Tsai,tsai
Panagiotis Tsalaportas,tsalaportas
Rob Tucker,tucker
Antoine Turmel,turmel
Ben Turner,turner
Doug Turner,turner
Mahesh Tyagarajan,tyagarajan
Mark Tyndall,tyndall
Amié Tyrrel,tyrrel
John Unruh,unruh
Miguel Useche,useche
Jonas Utterstron,utterstron
Ain Vagula,vagula
Vlado Valaštiak,valastiak
Judson Valeski,valeski
Carlos Valim,valim
Peter Van der Beken,van der beken
Peter van der Woude,van der woude
Anne van Kesteren,van kesteren
Teune van Steeg,van steeg
Ryan VanderMeulen,vandermeulen
Peter VanHelden,vanhelden
Ricardo Varas,varas
Ronny Vårdal,vardal
Iñigo Varela,varela
Jan Varga,varga
Zoltan Varga,varga
Dave Vasilevsky,vasilevsky
Eric Vaughan,vaughan
Dan Veditz,veditz
Rodney Velasco,velasco
Andrew Veliath,veliath
Michael Ventnor,ventnor
Kevin John Ventura,ventura
Michael Verdi,verdi
Teodora Vermesan,vermesan
Hannes Verschore,verschore
Matthias Versen,versen
Julian Viereck,viereck
Romain Vignes,vignes
Kannan Vijayan,vijayan
Ashish Vijayaram,vijayaram
Jorge Villalobos,villalobos
Jet Villegas,villegas
Alexander J. Vincent,vincent
Alistair Vining,vining
Keith Visco,visco
Sjoerd Visscher,visscher
Frank Visser,visser
Andy Vogel,vogel
Johannes Vogel,vogel
Erik Vold,vold
Alexei Volkov,volkov
Andrew Volkov,volkov
Otto de Voogd,voogd
Nino Vranešič,vranesic
Vladimir Vukićević,vukicevic
Tanvi Vyas,vyas
Håkan Waara,waara
Andreas Wagner,wagner
Gregor Wagner,wagner
Luke Wagner,wagner
Steven Wagner,wagner
Ronan Waide,waide
Julien Wajsberg,wajsberg
Jeff Walden,walden
Joe Walker,walker
Stephen Walker,walker
Tracy Walker,walker
Rich Walsh,walsh
Patrick Walton,walton
Cathleen Wang,wang
Cheng Wang,wang
Frédéric Wang,wang
Martijn Wargers,wargers
Philip K. Warren,warren
Andrew Wason,wason
Chris Waterson,waterson
Robert Watkins,watkins
Matt Watson,watson
Jonathan Watt,watt
Marek Wawoczny,wawoczny
Nate Weaver,weaver
Dieter Weber,weber
Harshana Weerasinghe,weerasinghe
Peter Weilbacher,weilbacher
Frank Wein,wein
Jared Wein,wein
Zachary Weinberg,weinberg
Dan Weinstein,weinstein
Jeff Weinstein,weinstein
Tom Weinstein,weinstein
David Weir,weir
Terry Weissman,weissman
Philipp von Weitershausen,weitershausen
Mark Welch,welch
Morten Welinder,welinder
Kalpa Welivitigoda,welivitigoda
Shaohua Wen,wen
Christian Wenz,wenz
Frédéric Wenzel,wenzel
Saint Wesonga,wesonga
Gail White,white
Derek Wickersham,wickersham
Dody Suria Wijaya,wijaya
Steffen Wilberg,wilberg
Duncan Wilcox,wilcox
Brian C. Wiles,wiles
Ian Wilkinson,wilkinson
Simon Wilkinson,wilkinson
Drew Willcoxon,willcoxon
David Williams,williams
Matthew Willis,willis
Steve Willis,willis
Shawn Wilsher,wilsher
John Wilson,wilson
Kathleen Wilson,wilson
Matt Wilson,wilson
Andy Wingo,wingo
Daniel Witte,witte
Taco Witte,witte
Philippe Wittenbergh,wittenbergh
Andrew Wnuk,wnuk
John Wolfe,wolfe
Friedel Wolff,wolff
Steve Won,won
Edmund Wong,wong
Shirley Woo,woo
Justin Wood,wood
Robert Wood,wood
Matt Woodrow,woodrow
Simon Woodside,woodside
Andrew Wooldridge,wooldridge
Steve Workman,workman
Edwin Woudt,woudt
Michael Wu,wu
Ru-Kang Wu,wu
Alice Wyman,wyman
Mike Wynholds,wynholds
Paul Wyskoczka,wyskoczka
Joshua Xia,xia
Ying-Lin Xia,xia
Antonio Xu,xu
Masahiro Yamada,yamada
Satoko Takita Yamaguchi,yamaguchi
Satoru Yamaguchi,yamaguchi
Kazu Yamamoto,yamamoto
Frank Yan,yan
Jay Yan,yan
Xie Yanbo,xie
Adam Yasui,yasui
Koichi Yasuoka,yasuoka
Loba Yeasmeen,yeasmeen
Christopher Yeh,yeh
Christine Yen,yen
Fu-Hung Yen,yen
Prasad Yendluri,yendluri
Bolian Yin,yin
Roy Tetsuro Yokoyama,yokoyama
Eric York,york
Kohei Yoshino,yoshino
Shigeru Yoshitake,yoshitake
Tanner M. Young,young
Arzhel Younsi,younsi
Kyle Yuan,yuan
Seokchan Yun,yun
Richard Zach,zach
Matthew Zahorik,zahorik
Meelad Zakaria,zakaria
Michal Zalewski,zalewski
Vadim Zaliva,zaliva
Armen Zambrano Gasparnian,zambrano gasparnian
Aidas Žandaris,zandaris
Viesturs Zariņš,zarins
Jamie Zawinski,zawinski
Boris Zbarsky,zbarsky
David Zbarsky,zbarsky
Marco Zehe,zehe
Matthew Zeier,zeier
Pete Zha,zha
Leon Zhang,zhang
Louie Zhao,zhao
Philip Zhao,zhao
Silvia Zhao,zhao
Kevin Zhou,zhou
Sam Ziegler,ziegler
Alex Zizzinga,zizzinga
Jiri Znamenacek,znamenacek
Leszek Życzkowski,zyczkowski
Valeria Zysman,zysman
Jason Thomas,thomas
Erin Lancaster,lancaster
Tobias Weibel,weibel
Dethe Elza,elza
Mavis Ou,ou
Sayan Chowdhury,chowdhury
Kristina Divina Verbo,verbo
Amit Kumar Thakur,thakur
Ali Al Dallal,al dallal
Muhammad Sumon Molla Selim,selim
Lai Chen Haw,lai
Jean Austin Rodriguez,rodriguez
Towfique Anam,anam
Thirunahari Dyvik Chenna,thirunahari
Gašper Deržanič,derzanic
Anush Anilkumar,anilkumar
Mahrazi Mohd Kamal,mohd kamal
Pamela Subbaraya Pillai,subbaraya pillai
Amod Narvekar,narvekar
RakeshKumar Chittireddy,chittireddy
Mihai Cîrlănaru,cirlanaru
Gaurab Patra,patra
Jesse Montano,montano
Hemanth Vidyamari,vidyamari
Ashickur Rahman,ashickur
Keerthi Chandra,chandra
Luigi Tedone,tedone
Milan Sreckovic,sreckovic
Omkar Walimbe,walimbe
Nick Fitzgerald,fitzgerald
Srikar Ananthula,ananthula
Rigin Oommen,rigin
Aman Routh,routh
Frank Lee,lee
Gavin Lazar Suntop,suntop
Jaydev Ajit Kumar,ajit
Jørgen Rasmussen,rasmussen
Muhammed Hasan Ahmed,hasan
Abdul Rauf,rauf
Mihnea Dobrescu-Balaur,dobrescu-balaur
Ram Dayal Vaishnav,ram dayal
Pierre Le Leannec,le leannec
Akshat Kedia,kedia
Vikas Reddy Burri,burri
Shinto Joseph,shinto
Brian Smith,smith
Rok Samsa,samsa
Faye Tandog,tandog
Ryan Jayson Ermita,ermita
Meraj Imran,meraj
Maniraj Thripuradhi,thripuradhi
Samrat Bhattacharjee,bhattacharjee
Tomislav Jovanović,jovanovic
Abin Abraham Anchery,anchery
Harsha Vardhan,harsha
Abdelhak Fareh,fareh
Cheruvupurayadathil Subash Kumaresan,cheruvupurayadathil
Ankit Bahuguna,bahuguna
Victor Hugo Bernardes de Souza,souza
Bo-Jyun Lu,lu
Ajay Kumar Jogawath,jogawath
Albin P. Albert,albin
Bansaj Pradhan,bansaj
Tom Lowenthal,lowenthal
Patrick Wang,wang
Benjamin Sternthal,sternthal
Martyn Haigh,haigh
Elio Qoshi,qoshi
Bryan Clark,clark
Bob Owen,owen
Shriram Kunchanapalli,kunchanapalli
Anjan Hatuwal,anjan
Raghuram Korukonda,raghuram
Alagundula Sai Kiran,sai kiran
Ashutosh Nath Agarwal,agarwal
Josh Mize,mize
Philipp Madersbacher,madersbacher
Jørgen Juel,juel
Hassadee Pimsuwan,pimsuwan
Tanha Islam,islam
Amirol Ahmad,amirol ahmad
Xidorn Quan,quan
Florin Bogdan Strugariu,strugariu
Mohammed Migdadi,migdadi
Cesar Martinez Garita,cesar martinez
Shahid Ali Farooqui,farooqui
Amy Tsay,tsay
Jitendra Khasdev,khasdev
Max Li,li
Diego Landa,landa
Rizky Ariestiyansyah,ariestiyansyah
Gaurav Bhardwaj,bhardwaj
Jakob Miland,miland
Jakkarin Limwongyut,limwongyut
Seif Lotfy,lotfy
Nootan Ghimire,ghimire
David Clarke,clarke
Nicolae Cristian,cristian
Bahy Maghrabia,bahy
Agung Firdausi Ahsan,agung
Hao-Kuang Tsai,tsai
Shine Nelson,shine
Nikesh Balami,balami
Rejah Rehim,rehim
Rahid Hasan,hasan
Zobayer Ahmed Khan,zobayer
Aniruddha Adhikary,aniruddha
Anand Varanasi,anand
Benny Chandra,chandra
John Hammink,hammink
Marco Casteleijn,casteleijn
Irayani Queencyputri,queencyputri
Patrick Cloke,cloke
Daniel Scruton,scruton
Kevin Hu,hu
Kazuyuki Suzuki,suzuki
Chris Kitching,kitching
Asharam Seervi,asharam
Wesley Branton,branton
Shafiul Azam Chowdhury,chowdhury
Henrik Mitsch,mitsch
Kris Maglione,maglione
Darrin Henein,henein
Malini Das,das
Ankit Gadgil,gadgil
Nihal Narayanan,nihal
François Marier,marier
Sara Prussak,prussak
Kyle Simpson,simpson
Osho Parth,parth
Niranjan Dahal,niranjan
Sylvestre Ledru,ledru
Abhishek Thakur,abhishek
Tarashish Mishra,tarashish
Olivier Yiptong,yiptong
Sumantro Mukherjee,mukherjee
James Hugman,hugman
Pasindu Kavinda,pasindu
Pankaj Malhotra,malhotra
Yusuke Yamamoto,yamamoto
Mohit Kumar,mohit
Deepak Krishnan Panikkassery Radhakrishnan,panikkassery radhakrishnan
Arun Kumar,arun
Swati Pradhan,pradhan
David Major,major
Rahul Bains,bains
Shih-Chiang Chien,chien
Valentin Tsatskin,tsatskin
Sebastián Enrique Becerra Cancino,becerra cancino
Lourdes Castillo,castillo
Pablo Sepúlveda,sepulveda
Doug Sherk,sherk
Shreyas Narayanan Kutty,shreyas
Deep Raj,deep
Gorman Ho,ho
Mahmood Qudah,qudah
Mohammad Otoum,otoum
Jennie Rose Halperin,halperin
Nilamdyuti Goswami,goswami
Samuel Tarling,tarling
Debapriya Bhattacharya,bhattacharya
Luna Jernberg,jernberg
Richard von Moltke Necochea,von moltke necochea
Gustavo Munro,munro
Amjad M,amjad
Anhad Jai Singh,singh
Joshua Rubin,rubin
Sara Todaro,todaro
Santosh Viswanatham,viswanatham
Lavish Aggarwal,aggarwal
Harish Kumawat,harish
Raed Moufaq Shatnawi,raed
Vikneshwar Loganathan,loganathan
Hossain Al Ikram,ikram
Paul Harriet S. Asiñero,asinero
Samuel Flores Moraes,moraes
Mohammad Yaseen Khan,yaseen
Fernando Rodríguez Sela,rodriguez sela
Ayan Choudhury,choudhury
Liz Henry,henry
Yofie Setiawan,yofie
William Golden,golden
Dave Hylands,hylands
Kartikaya Gupta,gupta
Eric Edens,edens
Sevaan Franks,franks
Michael Vines,vines
Lin Yu Min,lin
Walter Chen,chen
Omega Feng,feng
Edgar Chen,edgar
John Hu,hu
Robert Sajdok,sajdok
Pavel Ivanov,pavel
Chia-Lung Chen,chen
Germán Toro del Valle,toro del valle
Georgios Kontaxis,kontaxis
Anup Allamsetty,anup
Jamie Woods,woods
Hasan Md. Ashiqur Rahman,ashiqur rahman
Kevin Grandon,grandon
Syed Khaleel Jageer,syed
Yu-Cheng Chen,chen
Bernardo de Paula Rittmeyer,rittmeyer
Walter Litwinczyk,litwinczyk
Giorgos Logiotatidis,logiotatidis
Deepanshu Thakur,deepanshu
Bill Selman,selman
Yuan Wang,wang
Philip Walmsley,walmsley
Amy Lee,lee
Stephany Wilkes,wilkes
Gemma Petrie,petrie
Blake Winton,winton
Patryk Adamczyk,adamczyk
Harly Hsu,hsu
Jenny Lee,lee
Philipp Sackl,sackl
Aaron Thornburgh,thornburgh
Daniel Stenberg,stenberg
Dan Glastonbury,glastonbury
Hamza Hammad,hammad
Birunthan Mohanathas,mohanathas
Bram Pitoyo,pitoyo
Andrew Martin McDonough,mcdonough
Tim Pollandt,pollandt
Harsh Pathak,harsh
Ahmed Kachkach,kachkach
Abid Aboobaker,abid
Rabimba Karanjai,rabimba
Tim Nguyen,nguyen
Albarr Dalu Muzarin,albarr muzarin
Jeremie Patonnier,patonnier
Sarathkumar Vasudevan,vasudevan
Stefan Costen,costen
Deepak Upendra,deepak
Pranjal Chakraborty,pranjal
Shahee Mirza,mirza
Manish Goregaokar,goregaokar
Joe Cheng,cheng
Tushar Arora,tushar
Avay Shrestha,avay
Jalem Raj Rohit,jalem
Bala Subramaniyan,bala
Sandeep Kapalawai,sandeep
Gautam Sharma,gautam
Talha Anwar,talha
Prasad Seth,prasad
Veera Manikanta,manikanta
Vishal Chavan,chavan
Sumanth Damarla,sumanth
Jain Mrinal,jain
Fahia Nasnin Mim,fahia
Jackson Isaac,jackson
Divya Thakre,thakre
Bhuvnesh Kumar,bhuvnesh
Xue Fuqiao,xue
Ajay Kumar,ajay
Abdelrahman Manna,manna
Rabbi Hossain,rabbi
Anmol Jagetia,anmol
Ingee Kim,kim
Daniel Desira,desira
Tasos Katsoulas,tasos
Adit Bharadwaj,adit
Kurri Sudarshan Reddy,kurri
Mayur Patil,patil
Rahul Talreja,talreja
Mohammad Shahbaz Alam,shahbaz
Koustav Samadder,koustav
Trishul Goel,trishul
Akhil Pandey Akella,akella
Sofien Chaabouni,sofien
Barış Derin,derin
Pedy Reddy Sai Charan Reddy,pedy reddy
Zaid Ibhais,ibhais
Bader Zaidan,zaidan
Muhammad Fadhil,fadhil
Tanay Pant,pant
Ian Moody,moody
Logan Rosen,rosen
Nadine Abdel-Qader,abdel-qader
Abdelrhman Ahmed,abdelrhman
Priyam Srivastava,priyam
Shagufta Methwani,methwani
Torgeir Haukaas,torgeir
Emin Mastizada,mastizada
S.M. Mohi-Us Sunnat,sunnat
André Reinald,reinald
Tobias B. Besemer,besemer
Tanzeel Khan,khan
Andreas Tolfsen,tolfsen
Adrian Crespo Ortiz,crespo
Martin Giger,giger
Mahdi Dibaiee,mahdi
Jothan Frakes,frakes
Shubham Agarwal,agarwal
Garvan Keeley,keeley
Chirag Bhatia,bhatia
Kaustabh Datta Choudhury,kaustabh
Ting-Yu Lin,lin
Jörg Knobloch,knobloch
Arif Fahmi Fisal,fisal
Towkir Ahmed,ahmed
Andrew Chilton,chilton
Jeff Gilbert,gilbert
Petras Slekys,slekys
Jinank Jain,jinank
Andre Natal,natal
Sagar Chand Agarwal,agarwal
Mohammed Adam,adam
Andrew Bartlett,bartlett
Muhammad Mehmood Ali,ali
Nihanth Subramanya,subramanya
Brian Nicholson,nicholson
Ricardo Vazquez,vazquez
Hung Nguyen,nguyen
Gursharnjit Singh,gursharnjit
Francesco Polizzi,polizzi
Peter Elmers,elmers
Boris Chiou,chiou
Jerry Shih,shih
Jeremy Chen,chen
Sebastian Kaspari,kaspari
Albert Crespell Perez,crespell
Cristian Rodriguez de la Cruz,rodriguez
Carmen Jiménez Cabezas,jimenez
Antonio M. Amaya,amaya
Sukanta Pal,pal
Borja Salguero,salguero
Mantaroh Yoshinaga,yoshinaga
Roberto Antonio Alvarado Argaez,alvarado
Sanyam Khurana,sanyam
Giovanni Joseph Legasto,legasto
Martin Creutziger,creutziger
Mayur S. Patil,mayur
Christiane Ruetten,ruetten
Brian Hourigan,hourigan
Priyank Agarwal,priyank
Martin Hosken,hosken
Michael Schloh von Bennewitz,schloh
Jamie Charlton,jamie
Syed Omar Faruk Towaha,towaha
Shing Lyu,lyu
Sanjay Gouri,sanjay
Geraldo Barros,barros
Nazir Ahmed Sabbir,ahmed
Tummala Dhanvi,dhanvi
Jordi Serratosa Quintana,serratosa
Stéphane Stenger,stenger
Anish Sheela,anish
Kushagra Varade,varade
Karthickeyan Narasimhan,karthickeyan
Dinesh Mv,dinesh
Vamsi Mohan Avvari,avvari
Chandan Baba,baba
Ashish Mishra,mishra
Bolaram Paul,bolaram
Balasankar C,balasankar
Hrishikesh KB,hrishikesh
Mahir Bin Farooque,mahir
Anivar Aravind,anivar
Satyadeep Bhardwaj,satyadeep
Aditya Shah,shah
Rishabh Chandrayan,chandrayan
Guillaume Destuynder,destuynder
Christopher Hutten-Czapski,hutten-czapski
Raj Nilayam,nilayam
Steven MacLeod,macleod
Blixa Morgan,morgan
Cynthia Pereira,pereira
Hessamedin Mollasalehi,mollasalehi
Pushpita Dey,pushpita
Vanja Tumbas,tumbas
Bill McCloskey,mccloskey
Sandraghassen Subbaraya Pillai,subbaraya pillai
Q Fortier,fortier
Mike Shal,shal
Rodrigo Pereira da Silva,pereira da silva
Saheda Reza Antora,antora
Alexander Kolesnikov,kolesnikov
Andrew Swan,swan
Matthew Wein,wein
Luca Greco,greco
Matthew MacPherson,macpherson
Christopher Grebs,grebs
Mathieu Agopian,agopian
Mark Striemer,striemer
Rezaul Huque Nayeem,nayeem
Lan Glad,glad
Alessio Placitelli,placitelli
Mohammed Rahimul Islam,islam
Manraj Singh Grover,manraj
Dipesh Monga,monga
Artem Polivanchuk,polivanchuk
Vnisha Srivastav,vnisha
Parag Nandi,parag
Tyson Smith,smith
Jan Henning,henning
Nika Layzell,layzell
Ravi Shankar,ravi
Amy Rich,rich
Paulius Andriekus,andriekus
Museb Khalid,museb
Rashik Ishrak Nahian,ishrak
Simon Lindholm,lindholm
Kalpesh Krishna,krishna
Markus Jaritz,jaritz
Nikhil Handa,nikhil
Abhiram Ravikumar,abhiram
Jhonatas Rodrigues,rodrigues
Prathamesh Chavan,chavan
Kritika Thakur,thakur
Jayesh Katta Ramalingaiah,jayesh
Koosha Khajehmoogahi,koosha
Dipesh C Monga,monga
Mohammad Maruf Islam,maruf
Hari Chaithanya,chaithanya
Andrew Overholt,overholt
Tyron Flanagan,flanagan
Jeff Bryner,bryner
Norman Haikal Bin Othman,haikal bin othman
Othman Wagiman,wagiman
Alex Gibson,gibson
Rashya Sharma,sharma
Shane Tomlinson,tomlinson
Thiago Policena,policena
Julien Vehent,vehent
Mainak Roy Chowdhury,mainak
Gerry Chang,chang
Calixte Denizet,denizet
James Graham,graham
Wellington Cordeiro,cordeiro
Andi-Bogdan Postelnicu,postelnicu
Maja Frydrychowicz,frydrychowicz
Mihai Tabara,tabara
Jordan Lund,lund
Luis Antonio Sanchez Romero,sanchez
Brian Stack,stack
Jonas Finnemann Jensen,jensen
Mark Côté,cote
Wander Lairson Costa,wander
Hassan Ali,ali
Māris Fogels,fogels
Thaua Silveira,thaua
Matheus Longaray,longaray
Jonathan Hao,hao
Ethan Tseng,tseng
Tim Huang,huang
Shiladittya Paul,shiladittya
Henry Chang,chang
Phil Booth,booth
Rodrigo Cunha,cunha
Mathieu Leplatre,leplatre
Umer Tanveer,umer
Rakhi Sharma,rakhi sharma
Paul Ioan Silaghi,silaghi
Dinarte Jesus,jesus
Aniket Eknath Kudale,aniket
Leonard Camacho,camacho
Edouard Oger,oger
Piotr Drąg,drag
Allan T. Silva,silva
Rufus Chakravarthy Sharma,rufus
Srushtika Neelakantam,srushtika
Ethan Glasser-Camp,glasser-camp
Michelangelo De Simone,de simone
Miko Mynttinen,mynttinen
Maurya Talisetti,talisetti
Elvin Lee,lee
Amir Farsi,farsi
Eljuno Trie Anggoro Kasih,eljuno
João Paulo Polles,polles
Adriano Cupello,adriano
Sebastin Santy,sebastin
Madhuri Mittal,madhuri
Owais Kazi,owais
Astley Chen,Astley
Brant Gurganus,Gurganus
Alejandro Rodriguez Salamanca,Rodriguez
Felix Kälberer,Kälberer
Chuck Harmston,Harmston
Dave Justice,Justice
Ian Bicking,Bicking
Andreas Farre,Farre
Bacia-Mociran Vlad-Ionut,Bacia-Mociran Vlad
Amin Mahmudian,Mahmudian
Hemant Patwal,Hemant
Juraj Cigáň,Cigáň
Tushar Saini,Saini
Justin Crawford,Crawford
Valentin Goșu,Goșu
Micah Tigley,Tigley
George Wright,Wright
Henrik Adolfsson,Adolfsson
Tanvir Rahman,Tanvir
Benjamin Beurdouche,Beurdouche
Victor Bychek,Bychek
Tantek Çelik,Çelik
Gregory Szorc,Szorc
Peter Hall,Hall
MD.Majedul Islam ,Islam
Sayed Ibn Masud,Sayed
Valentina Virlics,Virlics
Arbuzov Oana,Arbuzov
Thom Chiovoloni,Chiovoloni
Safwan Rahman,Safwan
Lasse Liehu,Liehu
Stefan Sitter,Sitter
Eitan Isaacson,Isaacson
Christian Sadilek,Sadilek
Bogdan Surd,Bogdan Surd
Wei-Cheng Pan,Pan
Jonathan Kingston,Kingston
Wellington Fernando de Macedo,Wellington
Soumya Deb,Deb
Christoph Kerschbaumer,Kerschbaumer
Arturo Martínez,Martínez
Daosheng Mu,Mu
Wesley Dawson,Dawson
Jyotsna Gupta,Jyotsna
David Quintana,Quintana
Arjun Krishna Babu,Arjun
Sakshi Vaid,Sakshi Vaid
Dennis Schubert,Schubert
Kashav Madan,Madan
Giannis Konstantinidis,Konstantinidis
Subhrajyoti Sen,Subhrajyoti
Suyash Agarwal,Agarwal
Eduardo Urcullú Madrid,Eduardo Urcullú Madrid
Samael Wang,Wang
Kirk Steuber,Steuber
Jan Keromnes,Keromnes
John Jensen,Jensen
Oriol Brufau,Brufau
Andrew Osmond,Osmond
Hsin-Yi Tsai,Tsai
Jean-Marc Desperrier,Desperrier
Stefan Georgiev,Georgiev
Stefan Yohansson Areeira Pinto,Yohansson
Sergiu Ioan Logigan,Logigan
Onno Ekker,Ekker
Hallvord Reiar Michaelsen Steen,Steen
Nevin Chen,Chen
Christopher Manchester,Manchester
Morpheus Chen,Chen
Botond Ballo,Ballo
Marnie Pasciuto-Wood,Pasciuto-Wood
Punam Dahiya,Dahiya
John Keiser,Keiser
Christian Franke,Franke
Rok Žerdin,Žerdin
Richard Milewski,Milewski
Shivam Singhal,Shivam
Gene Wood,Wood
Isaac Aggrey,Aggrey
Connor Sheehan,Sheehan
Jonathan Almeida,Almeida
Zandr Milewski,Milewski
Vishal Sharma,Vishal
Tom Tung,Tung
Marvin Khoo,Khoo
Stéphanie Ouillon,Ouillon
Alphan Chen,Chen
Cătălin Varga,Varga
Andrea Wood,Wood
Fischer Liu,Liu
Kershaw Chang,Chang
Bayarmagnai Erdenebat,Erdenebat
Mason Chang,Chang
Jacqueline Savory,Savory
Vishwanathan Krishnamoorthy,Krishnamoorthy
Mariot Tsitoara,Tsitoara
Belén Albeza González,Albeza
Soledad Penadés Comadrán,Penadés
Meadhbh Hamrick,Hamrick
Justin O'Kelly,O'Kelly
Michael Manning,Manning
Paul Jarratt,Jarratt
Mihai Boldan,Boldan
Ryan Feeley,Feeley
Ionuț Goldan,Goldan
Hermes Cheng,Cheng
Carol Huang,Huang
Wesly Huang,Huang
Ciprian Georgiu,Georgiu
Matt Croud,Croud
Michal Kec,Kec
Bernardo Melero,Melero
Kálmán Szalai,Szalai
Ryan Sipes,Sipes
István Szmozsánszky,Szmozsánszky
Vlad Baicu,Baicu
Lazar Andrei,Andrei
Petru Lingurar,Petru
Barry Chen,Chen
Maria Sandberg,Sandberg
Barret Rennie,Rennie
Charlie Marlow,Marlow
Scott Fletcher,Fletcher
Ibai García Urruchua,García Urruchua
Rain,Rain
Jan-Erik Rediger,Rediger
Nicolas Chevobbe,Chevobbe
Karl Dubost,Dubost
Liang-Heng Chen,Chen
Edoardo Viola,Viola
Emilio Cobos Álvarez,Cobos Álvarez
Tobias Netzel,Netzel
Caitlin Looney,Looney
Martin Wulffeld,Wulffeld
Paul Oiegas,Oiegas
Tiberiu Constantin Turbureanu,Turbureanu
Lin Clark,Clark
Marcelo Ghelman,Ghelman
Molly Howell,Howell
Isabel Ríos Escobar,Ríos
Rafael Márquez,Márquez
J.C. Jones,Jones
Kevin Jacobs,Jacobs
Marcus Burghardt,Burghardt
Rob Hudson,Hudson
William Kahn-Greene,Kahn-Greene
Patrick Brosset,Brosset
Trevor Saunders,Saunders
Tiger Oakes,Oakes
Connor Brewster,Brewster
David Walsh,Walsh
Thomas Nguyen,Nguyen
Alexandru Simonca,Simonca
John Dai,Dai
Peter Mikšík,Mikšík
Greg Guthe,Guthe
Eugen Sawin,Sawin
Hubert Lu,Lu
Tudor-Gabriel Vîjială,Vîjială
Wilfred Mathanaraj,Mathanaraj
Thomas Ho,Ho
Sri Kasetti,Kasetti
Ravikumar Dandu,Dandu
Romain Testard,Testard
Jean Gong,Gong
Bruce Huang,Huang
Christopher Lee,Lee
Adam Rogers,Rogers
Alastor Wu,Wu
Aaron Benson,Benson
Bryan Bell,Bell
Bryant Mao,Mao
Camelia Badau,Badau
Carrie Wang,Wang
Damira Akhmedova,Akhmedova
Dragoș Crisan,Crisan
Emil Ghitta,Ghitta
Eric Chang,Chang
Eric Pang,Pang
Erica Wright,Wright
Fang Shih,Shih
Francis Djabri,Djabri
Gordon Brander,Brander
Helen Huang,Huang
Ioana Crisan,Crisan
Ionuț Budeanu,Budeanu
Jacob Johanson,Johanson
Jack Lin,Lin
Jaime Chen,Chen
Johan Lorenzo,Lorenzo
Laurențiu Apahidean,Apahidean
Juwei Huang,Huang
Marius Santa,Santa
Mark Liang,Liang
Mike Tsai,Tsai
Oana Horvath,Horvath
Otilia Anica,Anica
Parul Mathur,Mathur
Marian Raiciof,Raiciof
Arnold Iakab,Iakab
Alexandru Ionescu,Ionescu
Alexandru Irimovici,Irimovici
Peter La,La
Petruta Rasa,Rasa
Przemek Abratowski,Abratowski
Rafael Rebolleda,Rebolleda
Rareș Bologa,Bologa
Marco Cimatti,Cimatti
Heather McGaw,McGaw
Daniela Arcese,Arcese
Jennifer Davidson,Davidson
Jack Lin,Lin
Rob MacDonald,MacDonald
Robin Andersen,Andersen
Roxana Leitan,Leitan
Roxana Robotin,Robotin
Ryan Gaddis,Gaddis
Sabrina Smelko,Smelko
Sebastian Pacurar,Pacurar
Sergio Villa,Villa
Silviu Checherita,Checherita
Simion Basca,Basca
Simona Badau,Badau
Tiffanie Shakespeare,Shakespeare
Tina Hsieh,Hsieh
Tori Chen,Chen
Tímea Zsöldös,Zsöldös
William Hsu,Hsu
Peipei Cheng,Cheng
Tom Ritter,Ritter
Michal Vašíček,Vašíček
Goce Mitevski,Mitevski
Jānis-Marks Gailis,Gailis
Chia-hung Tai,Tai
Yoshi Huang,Huang
Georgia Wang,Wang
Anthony Miyaguchi,Miyaguchi
Sajjad Taheri,Taheri
Robert Bindar,Bindar
Chris Turra,Turra
Răzvan Călimăn,Călimăn
Grigory Kruglov,Kruglov
Carlos Diaz-Padron,Diaz-Padron
Jessica Jong,Jong
Bevis Tseng,Tseng
Vincent Chang,Chang
Borting Chen,Chen
Shao Hang Kao,Kao
Chuck Lee,Lee
Dimi Lee,Lee
Gene Lian,Lian
John Shih,Shih
Vicamo Yang,Yang
William Rikard Lachance,Lachance
Alastor Wu,Wu
Blake Wu,Wu
Scott Wu,Wu
Shian-Yow Wu,Wu
Scott DeVaney,DeVaney
Martin Rosenberg,Rosenberg
Naveed Ihsanullah,Ihsanullah
Eden Chuang,Chuang
Shelly Lin,Lin
Sean Lin,Lin
Ray Lin,Lin
Randy Lin,Lin
Chun-Min Chang,Chang
Ken Chang,Chang
Luke Chang,Chang
Peter Chang,Chang
Phoebe Chang,Chang
Wyllys Ingersoll,Ingersoll
Alessandro Castellani,Castellani
Ben Campbell,Campbell
Zac Campbell,Campbell
Christopher Leidigh,Leidigh
Geoff Lankow,Lankow
Joe Sabash,Sabash
Khushil Mistry,Mistry
Paul Morris,Morris
Rob Lemley,Lemley
Alfred Peters,Peters
Gene Smith,Smith
Jason Smith,Smith
Markus Adrario,Adrario
Thomas Düllmann,Düllmann
Maria Grazia Alastra,Alastra
David Huseby,Huseby
Matias Juntunen,Juntunen
Cătălin-Răzvan Badea,Badea
Joice M Joseph,Joice
Eric Chou,Chou
Adrian Lungu,Lungu
Richard Jacob Bailey,Bailey
Emmanuele Bassi,Bassi
Mariusz Kierski,Kierski
Thomas Nguyen,Nguyen
Christian Ronquillo,Ronquillo
Paul Bergsagel,Bergsagel
Kurt H. Maier,Maier
Sheila Mooney,Mooney
William Bumgarner,Bumgarner
Abel Lin,Lin
Ethan Lin,Lin
Dylan Roeh,Roeh
Cosmin Sabou,Sabou
Anamaria Stoica,Stoica
Tiffanie Shakespeare,Shakespeare
Stormy Peters,Peters
Eric Pang,Pang
Adam Bitner,Bitner
Michael Hoye,Hoye
Nicole Weber,Weber
Yunier José Sosa Vázquez,Sosa
Jason Kratzer,Kratzer
Kris Wright,Wright
Tanay Gavankar,Gavankar
Bastien Abadie,Abadie
Mahtab Alam,Mahtab
Pranshu Khanna,Pranshu
Gustavo Junior Alves,Alves
Vitaly Fedrushkov,Fedrushkov
Sergiy Bogdancev,Bogdancev
Javaun Moradi,Moradi
Anthony Lam,Lam
Emanuela Damani,Damani
Holly Collier,Collier
Janice Cramer,Cramer
James Keller,Keller
Raja Jacob,Jacob
Sharon Bautista,Bautista
Alice Rhee,Rhee
Mara Schwarzlose,Schwarzlose
Michelle Heubusch,Heubusch
Betsy Mikel,Mikel
Meridel Walkington,Walkington
Harry Twyford,Twyford
Amin Al Hazwani,Hazwani
Diane Tate,Tate
Ali Spivak,Spivak
Ron Akanowicz,Akanowicz
Chris Mills,Mills
William Bamberg,Bamberg
Rob Wu,Wu
Israel Saeta Pérez,Saeta
Francesco Iovine,Iovine
Dov Grobgeld,Grobgeld
Sankarshan Mukhopadhyay,Mukhopadhyay
Julien Cristau,Cristau
Rok Garbas,Garbas
Mitchell Hentges,Hentges
Ritu Kothari,Kothari
Tom Prince,Prince
Roberto Agostino Vitillo,Vitillo
Aki Helin,Helin
Gregory Tatum,Tatum
Thomas Wisniewski,Wisniewski
Shayne Jewers,Jewers
Benoît Chabod,Chabod
Anthony Lam,Lam
Casey Yee,Yee
Alfredo Yang,Yang
JW Wang,Wang
John Lin,Lin
Chiajung Hung,Hung
Morris Tseng,Tseng
Solomon Chiu,Chiu
Steven Lee,Lee
Benjamin Chen,Chen
James Cheng,Cheng
Kilik Kuo,Kuo
Munro Mengjue Chiang,Chiang
Tzuhao Kuo,Kuo
Chih-Hsuan Kuo,Kuo
Ya-Chieh Wu,Wu
Eric Tsai,Tsai
CJ Ku,Ku
Dominic Kuo,Kuo
Alive Kuo,Kuo
José Manuel Cantera Fonseca,Cantera
Kendall Libby,Libby
Kieran Britton,Britton
Jean-Michel Reghem,Reghem
Joey Yangali,Yangali
Mikael Parknert,Parknert
Miroslav Yovchev,Yovchev
Hari Prasad Nadig,Nadig
Mauro Doglio,Doglio
Levente Sacal,Sacal
David Sacal,Sacal
Brindusa Tot,Tot
Jeff Klukas,Klukas
Anna Scholtz,Scholtz
Andrei Hutusoru,Hutusoru
Cristian Fogel,Fogel
Luigui Delyer,Delyer
Finn Sørensen,Sørensen
Julius Schwartzenberg,Schwartzenberg
Andreas Kunz,Kunz
Cosmin Munteanu,Munteanu
Sebastian Zartner,Zartner
Andreas Pettersson,Pettersson
Roland Turčan,Turčan
Ola Gasidlo,Gasidlo
Marco Aurélio Graciotto Silva,Silva
Nicolas Silva,Silva
Zdenko Podobný,Podobný
Yaroslav Krytsun,Krytsun
Andriy Rysin,Rysin
Kristján Geir Mathiesen,Mathiesen
Joseph T. Mai,Mai
Philippe M. Chiasson,Chiasson
Selena Deckelmann,Deckelmann
Alexandra Pereira,Alexandra
Brian Hackett,Hackett
Chandrakant Dhutadmal,Dhutadmal
António Manuel Dias,Dias
Silvio Andrés Salazar Martínez,Salazar Martínez
Alexander Kadlec Aguirre,Kadlec Aguirre
Bart Decrem,Decrem
Lachlan Hunt,Hunt
Cosmin Muntean,Muntean
Ben DeCoste,DeCoste
Giovanni Derks,Derks
Rogelio Bernal Andreo,Andreo
Andrés Gómez Aragoneses,Aragoneses
Frederick Bruno Gabriana,Gabriana
Andrés Gómez García,Gómez García
Óscar Manuel Gómez Senovilla,Gómez Senovilla
Alan Huang,Huang
Brian PoYen Huang,Huang
Ting-Yuan Huang,Huang
Lapo Luchini,Luchini
Andrea Salmaso,Salmaso
David Lawrence,Lawrence
Dylan William Hardison,Hardison
Anthony Duignan-Cabrera,Duignan-Cabrera
Tomasz Kołodziejski,Kołodziejski
Estela Liu,Liu
Christophe Villeneuve,Villeneuve
David Ascher,Ascher
Shoshannah Forbes,Forbes
Ting-Yu Chou,Chou
Ovidiu Boca,Boca
Myroslav Opyr,Opyr
Xan López Saborido,López Saborido
Lukáš Petrovický,Petrovický
Mark Trompell,Trompell
Filip Hruška,Hruška
Kan-Ru Chen,Chen
Ting-Yu Chou,Chou
Cervantes Yu,Yu
Garner Lee,Lee
Siddartha Pothapragada,Pothapragada
Arno Puder,Puder
Jamin Liu,Liu
Jocelyn Liu,Liu
Sergei Dolgov,Dolgov
Onkar Shinde,Shinde
Hans-Hermann Schwab,Schwab
Matthew Turnbull,Turnbull
Bernardo Arlandis Mañó,Arlandis Mañó
Kaitlin Thaney,Thaney
Jan Urbánek,Urbánek
Gunner Poulsen,Poulsen
Radovan Bukóci,Bukóci
Martijn Weisbeek,Weisbeek
Tuukka Tolvanen,Tolvanen
Morgan Rae Reschenberg,Reschenberg
Octavian Negru,Negru
Kimberly Sereduck,Sereduck
Peter Kihlstedt,Kihlstedt
Joaquín Haeusler Risco,Haeusler
Hani Yacoub,Yacoub
Adrian Florinescu,Florinescu
Gerald Squelart,Squelart
Hayden Huang,Huang
Christophe Ravel,Ravel
Gregory Mierzwinski,Mierzwinski
Gary van der Merwe,van der Merwe
David Krause,Krause
Michael Krax,Krax
Paul Ellenbogen,Ellenbogen
Steven Englehardt,Englehardt
Dominique Vincent,Vincent
Alison Shiue,Shiue
No-Jun Park,Park
Saad Quadri,Quadri
David Bellot,Bellot
Guillaume Filion,Filion
Fabian Guisset,Guisset
Jakub Formánek,Formánek
Rex Lee,Lee
Mark L. Carson,Carson
Florens Verschelde,Verschelde
Javier Fernández García-Boente,Fernández García-Boente
Jeff Hammel,Hammel
Raul Gurzau,Gurzau
Shawn Ku,Ku
Kai-Zhen Li,Li
Danny Liang,Liang
Elise Richards,Richards
Vincent Liu,Liu
Iulian Ursache-Dogariu,Ursache-Dogariu
Cristian Brindusan,Brindusan
Tomer Brisker,Brisker
Ted Campbell,Campbell
Byron Campen,Campen
Bertilo Wennergren,Wennergren
Chris Blore,Blore
Christian Reis,Reis
Adrian Mardare,Mardare
Chase Tingley,Tingley
Dmitry Kubov,Kubov
Stephan Niemz,Niemz
John C. Griggs,Griggs
Kevin Simons,Simons
Travis Long,Long
Alessandro Decina,Decina
Rachel Tublitz,Tublitz
Raphaël Halimi,Halimi
Sean Voisen,Voisen
John Marmion,Marmion
David Majda,Majda
Stephanie Hobson,Hobson
Ondřej Kudlík,Kudlík
Adam Přibyl,Přibyl
Jean-Yves Avenard,Jean-Yves
Jindřich Pozlovský,Pozlovský
Brittany Storoz,Storoz
Brian Albers,Albers
Yueheng Xu,Xu
Takashi Toyoshima,Toyoshima
James Richard Andrewartha,Andrewartha
Ryan Kelly,Kelly
Lina Cambridge,Cambridge
Edwin Wong,Wong
Tarek Ziadé,Ziadé
Rémy Hubscher,Hubscher
Caio Tiago Oliveira de Sousa,Sousa
Simos Xenitellis,Xenitellis
Leandro Stevanato Alves,Alves
Victor Carciu,Carciu
Lars Wohlfahrt,Wohlfahrt
Alex Wissmann,Wissmann
Erkan Kaplan,Kaplan
Cristian Brînză,Brinza
Andrej Macko,Macko
Ireneusz Chmielowiec,Chmielowiec
Paulo Nascimento,Nascimento
Erik Sørngård,Sorngard
Piotr Chyliński,Chylinski
Balázs Meskó,Mesko
Sebastian Schwieger,Schwieger
Jan Čínert,Cinert
Jolita Šečkutė,Seckute
Flore Allemandou,Allemandou
Marcello Testi,Testi
Muguntharaj Subramanian,Subramanian
Jordi Cuevas,Cuevas
Julia Cambre,Cambre
Marc Schumann,Schumann
Kyle Lahnakoski,Lahnakoski
Giovanni Francesco Solone,Solone
Hugo Acosta,Acosta
Gian-Carlo Pascutto,Pascutto
Andrea Monni,Monni
Zbigniew Braniecki,Braniecki
JT Batson,Batson
Imanol Fernández,Fernandez
Howie Chang,Chang
Junior Hsu,Hsu
Amy Chung,Chung
Martin Schröder,Schröder
Shashank Shekhar,Shekhar
Diego Biurrun,Biurrun
Ronald F. Guilmette,Guilmette
Kim Moir,Moir
Josep Sànchez Mesegué,Sànchez Mesegué
Joey Minta,Minta
Rodrigo Pérez Ramírez,Pérez Ramírez
Mihai Adrian Carare,Carare
Andreas Pehrson,Pehrson
Dan Minor,Minor
Enda Mannion,Mannion
Eric Rescorla,Rescorla
Maire Reavy,Reavy
Martin Thomson,Thomson
Nico Grunbaum,Grunbaum
Paul Adenot,Adenot
Paul Kerr,Kerr
Spencer Hui,Hui
Valentin Timisică,Timisică
Hubert Figuière,Figuière
John Gardiner Myers,Myers
Lindsay Kenzig,Kenzig
Lawrence Kisuuki,Kisuuki
Anton Blanchard,Blanchard
Martin Luck,Luck
Berend Cornelius,Cornelius
Jody Heavener,Heavener
Lauren Zugai,Zugai
Cosmin Tanczel,Tanczel
Nicu Buculei,Buculei
Alina Mierluș,Mierluș
Alexandru Lakatos,Lakatos
Michał Dziewoński,Dziewoński
Pedro García Rodríguez,García Rodríguez
Caitlin Neiman,Neiman
Shane Caraveo,Caraveo
Christopher Arnold,Arnold
Jonathan Eads,Eads
Alexander Salas Bastidas,Salas Bastidas
Eric Renaud,Renaud
Andrew Schultz,Schultz
Ben Hsu,Hsu
Lorien Hu,Hu
Jordan Hu,Hu
Li-Pang Huang,Huang
Shawn Huang,Huang
Tzu-Lin Huang,Huang
Evelyn Hung,Hung
ByeongJu Lee,Lee
James Long,Long
Hanno Schlichting,Schlichting
Ryan Michael Tilder,Tilder
Julian Descottes,Descottes
Ben Tian,Tian
Mike Alexis,Alexis
Brad Werth,Werth
Chris More,More
Andrei Filip,Filip
Bruno Escherl,Escherl
Sören Hentzschel,Hentzschel
Cédric Menge,Menge
Chase Phillips,Phillips
Alexander Fritze,Fritze
Roland Mainz,Mainz
Patrick McClard,McClard
Madalina Ana,Ana
Joni Chan,Chan
Rachel McGuigan,McGuigan
Roland Tanglao,Tanglao
Julio Gómez Sánchez,Gómez Sánchez
Richard Závodný,Závodný
Haryati Salehin,Salehin
Eli Perelman,Perelman
Kelly Davis,Davis
Alfredo Pastor,Pastor
Porfirio Landeros,Landeros
Dylan Oliver,Oliver
Cindy Hsiang,Hsiang
David Bialer,Bialer
Julie McCracken,McCracken
Iris Hsiao,Hsiao
Teri Wen,Wen
Cynthia Tang,Tang
Niko Višnjić,Višnjić
Nikola Matosović,Matosović
Alejandro Serrano González,Serrano González
Michael Wolf,Wolf
Árpád Bíró,Bíró
Péter Mamuzsics,Mamuzsics
Tamás Nepusz,Nepusz
Jacek Piskozub,Piskozub
Gellért Gyuris,Gyuris
Barna Magyarkúti,Magyarkúti
Michal Adamec,Adamec
Ján Letko,Letko
Viktor Varga,Varga
Javier López,López
Gábor Kelemen,Kelemen
Miroslav Geisselreiter,Geisselreiter
Davor Spasovski,Spasovski
Jonas Jenwald,Jenwald
Andrei Vaida,Vaida
Bogdan Maris,Maris
Martin Hassman,Hassman
Lukáš Růžička,Růžička
Geoffrey MacDougall,MacDougall
Ryan Merkley,Merkley
Ben Simon,Simon
Michelle Thorne,Thorne
Erin Knight,Knight
Marilyn Wigglesworth,Wigglesworth
Rainer-Uwe Bielefeld,Bielefeld
Frank-Rainer Grahl,Grahl
Tobias Fischer,Fischer
Alexander Opitz,Opitz
John Dorlus,Dorlus
Peter deHaan,deHaan
Cornel Ionce,Ionce
Rosana Ardila Biela,Ardila
Chris McAvoy,McAvoy
Christopher Appleton,Appleton
Lainie DeCoursy,DeCoursy
Chris Lawrence,Lawrence
Michelle Levesque,Levesque
Ross Bruniges,Bruniges
Brian J. Brennan,Brennan
Brett Gaylor,Gaylor
Sunny Lee,Lee
Karlheinz Dobler,Dobler
Robert Horotan,Horotan
Henrietta Maior,Maior
Margarita Eliza Balazs,Balazs
Narcis Beleuzu,Beleuzu
Atila Butkovits,Butkovits
Andrei Ciure,Ciure
Cristina Coroiu,Coroiu
Natalia Csoregi,Csoregi
Noemi Erli,Erli
Stefan Hindli,Hindli
Dorel Luca,Luca
Razvan Maries,Maries
Mihai Alexandru Michis,Michis
Tiberius Oros,Oros
Andreea Pavel,Pavel
Bogdan Tara,Tara
Ryan Hunt,Hunt
Sotaro Ikeda,Ikeda
Dzmitry Malyshau,Malyshau
Jamie Nicol,Nicol
Lee Salzman,Salzman
Bas Schouten,Schouten
Glenn Watson,Watson
James Paul Willcox,Willcox
Gonçalo Matos,Matos
Carlos Silva,Silva
Manuela Silva,Silva
André Marcelo Alvarenga,Alvarenga
Javier Solá,Solá
Cristian Chiorean,Chiorean
Carsten Schönert,Schönert
Christoph Göhre,Göhre
Dave Yeo,Yeo
Nicole Yee,Yee
Christian Tanguy,Tanguy
Slimane Amiri,Amiri
Jakub Rychlý,Rychlý
Jakob Kappel Petersen,Petersen
Thaddée Tyl,Tyl
Michael Bebenita,Bebenita
Tobias Schneider,Schneider
Jasper St. Pierre,St. Pierre
Russ Nicoletti,Nicoletti
Yan Or,Or
Jacob Shen,Shen
Pavol Vaškovič,Vaškovič
Rann Bar-On,Bar-On
Petr Salinger,Salinger
Justin Morey,Morey
Peiying Mo,Mo
Dan Minor,Minor
Marko M. Kostić,Kostić
Amir Elisha Aharoni,Aharoni
Mark Heijl,Heijl
Fabio Jr. Beneditto,Beneditto
James Murdock,Murdock
Ciprian Mureșan,Mureșan
Eungkyu Song,Song
Georgi D. Sotirov,Sotirov
Seth Landsman,Landsman
João Pinheiro,Pinheiro
Raphael Pierzina,Pierzina
Boris Kudryavtsev,Kudryavtsev
Manish Kumar,Kumar
John Gruen,Gruen
Alexander Ploner,Ploner
Alexandre Poirot,Poirot
Vijay Budhram,Budhram
Nguyễn Vũ Hưng,Hưng
Dương Hà Nguyễn,Nguyễn
Doron Shikmoni,Shikmoni
Maha Abou El-Rous,El-Rous
Jessilyn Davis,Davis
Haik Aftandilian,Aftandilian
Jed Davis,Davis
Toshihito Kikuchi,Kikuchi
Chris Martin,Martin
Jiří Soukeník,Soukeník
Eric Portelance,Portelance
Robert Chira,Chira
Jan Havlena,Havlena
Peter Klofutar,Klofutar
Jakub Kalnik,Kalnik
Cătălin Șuciu,Șuciu
Petr Mareš,Mareš
Michał Budzyński,Budzyński
Pavel Sláma,Sláma
Ondřej Sojka,Sojka
Cristina Madaras,Madaras
Ibai Oihanguren,Oihanguren
Ladislav Strýček,Strýček
Andrei-Alin Trif,Trif
Jiří Šedý,Šedý
Miroslav Šedý,Šedý
Pierre Neter,Neter
Eduard Neculaesi,Neculaesi
Sorina Florean,Florean
Andrei Bodea,Bodea
Vladimir Krstić,Krstić
Mirabela Lobontiu-Roman,Lobontiu-Roman
Andrei Joltan,Joltan
Diana Rus,Rus
Martin Stránský,Stránský
Bruno Browning,Browning
Daniel Bölzle,Bölzle
Christophe Gesché,Gesché
Julian Hector,Hector
Isabel González,González
José Junior Villagómez Melgar,Villagómez
Sylvain Cleymans,Cleymans
Jamie Nicolson,Nicolson
Paolo Amadini,Amadini
Francisco Jesús Jordano Jiménez,Jordano
David Scravaglieri,Scravaglieri
Teemu Mannermaa,Mannermaa
Gabriele Svelto,Svelto
Etienne Segonzac,Segonzac
Christian Sejersen,Sejersen
Anton Rogaynis,Rogaynis
Alin Selagea,Selagea
Đặng Duy Thanh,Thanh
Daniël de Wildt,de Wildt
Skier Page,Page
Vasilica Tămaș,Tămaș
Ioana Rusiczki,Rusiczki
Alexandra Moga,Moga
Cosmin Bădescu,Bădescu
Cristian Baica,Baica
Maria Berlinger,Berlinger
Oana Botisan,Botisan
Cristian Comorasu,Comorasu
Emil Ghitta,Ghitta
Vlad Lucaci,Lucaci
Catalin Sasca,Sasca
Anca Soncutean,Soncutean
Alexandru Trif,Trif
Evan Tseng,Tseng
Farmer Tseng,Tseng
Marcelo Luis Comin Araldi,Araldi
Mohammed Belkacem,Belkacem
Amy Churchwell,Churchwell
Dragana Damjanovic,Damjanovic
Alfredos-Panagiotis Damkalis,Damkalis
Justin D'Arcangelo,D'Arcangelo
Martin de Keijzer,de Keijzer
Cédric de Saint Martin,de Saint Martin
Tymur Faradzhev,Faradzhev
Andre Alves Garzia,Garzia
Makoto Hamanaka,Hamanaka
Mikael Hiort af Ornäs,Hiort af Ornäs
Chiaki Ishikawa,Ishikawa
Christopher Karlof,Karlof
Phil Lacy,Lacy
Antonio Fernando Santos Ladeia,Ladeia
Stefan Lewitas,Lewitas
Sergi Mansilla,Mansilla
Juan Pablo Martínez Cortés,Martínez Cortés
Gwenn Meynier,Meynier
Marco Mucci,Mucci
Jens Müller,Müller
Will Nayes,Nayes
Wilson Page,Page
Neil Paris,Paris
Mehul Patel,Patel
Benedikt Pfeifer,Pfeifer
Lyubomir Popov,Popov
Karen Alexandria Rudnitski,Rudnitski
Alin Rus,Rus
Abhishek Kumar Singh,Singh
Abhishek Kumar Singh,Singh
Viktor Stanchev,Stanchev
Guillaume Turri,Turri
Adrian Ulrich,Ulrich
Jeroen van der Gun,van der Gun
Roshan Vidyashankar,Vidyashankar
Will Wang,Wang
Jonathan Wei,Wei
Dongsheng Xue,Xue
Myoung-Gwon Yang,Yang
Joseph Yeh,Yeh
Aleh Zasypkin,Zasypkin
Yura Zenevich,Zenevich
David Antonio González Blanchard,Blanchard
Fernando Espinoza Lopez,Espinoza
Tímea Babós,Babós
Marcela Calderón,Calderón
Rareș Doghi,Doghi
Kanchan Kumari,Kumari
Gyula Palko,Palko
Ciprian Ciocan,Ciocan
Aryan Ameri,Ameri
Dan Sledz,Sledz
Nathan Froyd,Froyd
Aaron Slunt,Slunt
Robert Richter,Richter
Ben Moskowitz,Moskowitz
Jennifer Zickerman,Zickerman
Richard Pappalardo,Pappalardo
Emil Pasca,Pasca
Akmal Xushvaqov,Xushvaqov
Samuel Penrose,Penrose
Frédéric Harper,Harper
Craig Cook,Cook
Quentin Castier,Castier
Quentin Raynaud,Raynaud
Travis Choma,Choma
Mathieu Pillard,Pillard
JR Conlin,Conlin
Benjamin Bangert,Bangert
Katie Parlante,Parlante
Adam Muntner,Muntner
Raymond Forbes,Forbes
Eric Parker,Parker
Robert Fletcher,Fletcher
Michael Treese,Treese
Yvan Boily,Boily
Shell Escalante,Escalante
Thomas Huelbert,Huelbert
Peter Magyari,Magyari
Daniel Bodea,Bodea
Michael Trinkala,Trinkala
Diego Elio Pettenò,Pettenò
Petr Jašíček,Jašíček
Jonathan Lin,Lin
Peiyong Lin,Lin
Sein Lin,Lin
Tin Aung Lin,Lin
Vincent Lin,Lin
Arlo Breault,Breault
Arash Mousavi,Mousavi
Federico Padua,Padua
Michael Tüxen,Tüxen
David Caldwell,Caldwell
Attila Szegedi,Szegedi
Hannes Wallnöfer,Wallnöfer
David Flanagan,Flanagan
Hema Koka,Koka
Errietta Kostala,Kostala
Neil Bleasdale,Bleasdale
Georgiana Chelu,Chelu
Jiechen Xia,Xia
Marko Andrejić,Andrejić
Aleksandra Uzelac,Uzelac
Jeff Griffiths,Griffiths
Andrew Williamson,Williamson
Prasad Sunkari,Sunkari
Daniele Scasciafratte,Scasciafratte
Saverio Morelli,Morelli
Francesca Ciceri,Ciceri
Annie Sullivan,Sullivan
Bryce Seager van Dyk,van Dyk
Caitlin Galimidi,Galimidi
Lindsay Saunders,Saunders
Martin Best,Best
Daniel Martínez Cucalón,Martínez Cucalón
Daniel Zielas,Zielas
Tim Spurway,Spurway
Jens Stutte,Stutte
Vladislav Filippov,Filippov
Kate Glazko,Glazko
James Hobin,Hobin
Nathaniel Hughes,Hughes
Lesley Jane Norton,Norton
John Shaughnessy,Shaughnessy
Michael Van Kleeck,Van Kleeck
Gabor Krizsanits,Krizsanits
Chris Riley,Riley
Alex Crichton,Crichton
Ryan Watson,Watson
Eric Ziegenhorn,Ziegenhorn
Ilana Segall,Segall
Sunah Suh,Suh
Rebecca Weiss,Weiss
Adrian Utrilla,Utrilla
Mikael Hedberg,Hedberg
Riley Shaw,Shaw
Chris Rafuse,Rafuse
David Critchley,Critchley
Marina Rodríguez Iglesias,Rodríguez Iglesias
Francisco Rampas,Rampas
Sarah Clements,Clements
Albert L. Ting,Ting
Álvaro Martínez Majado,Martínez Majado
Mark-Anthony Torrocha,Torrocha
Ralph Daub,Daub
Samuel Boynton Foster,Foster
Michael Maslaney,Maslaney
Eric Petitt,Petitt
Chad Weiner,Weiner
Dean Wilson,Wilson
Denelle Dixon-Thayer,Dixon-Thayer
Urmika Devi Shah,Shah
Yulia Startsev,Startsev
Victoria Wang,Wang
Benson Wong,Wong
Sawyer Hollenshead,Hollenshead
Kym Lee,Lee
Cori Schauer,Schauer
Kristin Jeannette Williams,Williams
Desiree Almendral,Almendral
Alan Chang,Chang
Joanne Nagel,Nagel
Jinghua Zhang,Zhang
Vlad Florin Maniac,Maniac
Jaroslav Šnajdr,Šnajdr
Logan Smyth,Smyth
Elvir Ćesko,Ćesko
Nihad Suljić,Suljić
Ihor Hordiichuk,Hordiichuk
Kayla Galway,Galway
Charl van Niekerk,van Niekerk
Christian Sonne,Sonne
Star Cheng,Cheng
Blake Cutler,Cutler
Louis Stowasser,Stowasser
Simone Bruno,Bruno
Michaela Thayer,Thayer
Jessica Osorio,Osorio
Chris Fallin,Fallin
Steve Chung,Chung
Nian Liu,Liu
Sándor Molnár,Molnár
Feng Qian,Qian
Robert Rainwater,Rainwater
Xavier Vincent,Vincent
Elisa Xitlali,Xitlali
Maxim Zhilyaev,Zhilyaev
Keefer Rourke,Rourke
Raluca Sofian,Sofian
Antón Méixome,Méixome
Enrique Estévez Fernández,Estévez
Gabriel Luong,Luong
Ayman Maat,Maat
Robert C. Thyberg,Thyberg
David P James,James
Arthur Wiebe,Wiebe
Alan Kligman,Kligman
Winnie Aoieong,Aoieong
Dave Berz,Berz
Richard Robert Bryce,Bryce
Michael Burns,Burns
Lori Jashinsky,Jashinsky
Hamilton Tusiime,Tusiime
Hamilton Ulmer,Ulmer
Gilbert FitzGerald,FitzGerald
Steven H. Levine,Levine
Paul Wright,Wright
Marius Vasile Coman,Coman
Ali Demirtas,Ali
Michael Woerister,Woerister
Arman khan,Arman khan
Arman khan,Arman khan
Leli Schiestl,Schiestl
Vlad Filippov,Filippov
Arman khan,mozilla forum support
Eugenijus Januškevičius,Januškevičius
Areej Amer,Amer
Sébastien Delahaye,Delahaye
Chiaki Ishikawa,Ishikawa
Beatrice Acasandrei,Acasandrei
Andra Esanu,Esanu
Philipp Fischbeck,Fischbeck
Tim D. Smith,Smith
Michael Droettboom,Droettboom
Frank Bertsch,Bertsch
Daniel Thorn,Thorn
Eric Smyth,Smyth
Jesse McCrosky,McCrosky
Krasimir Berov,Berov
Stoyan Dimitrov,Dimitrov
Pedro Coelho,Coelho
Joaquín Serna,Serna
Tom Maneiro,Maneiro
Marian Laza,Laza
Iulian Moraru,Moraru
Remus Dranca,Dranca
Anghel Adrian Mârza,Mârza
Christian Eduardo Noriega,Noriega
Gelu Haiduc,Haiduc
Maria Heres,Heres
Tyler Ahn,Ahn
Bridget Kaluzny,Kaluzny
Dale Harvey,Harvey
Johann Hofmann,Hofmann
Paul Zühlcke,Zühlcke
Jarosław Śmiejczak,Śmiejczak
